city,variable,month,n_samples,winning_family,loglik,aic,bic,ks_p,passes_ks_05,selection_note
Baixa_Grande_do_Ribeiro,pr,1,618,lognorm_wet,-1997.1741,3998.3483,4007.2013,0.1647,True,
Baixa_Grande_do_Ribeiro,pr,2,568,lognorm_wet,-1740.6491,3485.2983,3493.9825,0.4661,True,
Baixa_Grande_do_Ribeiro,pr,3,609,lognorm_wet,-1851.8943,3707.7887,3716.6123,0.1615,True,
Baixa_Grande_do_Ribeiro,pr,4,447,lognorm_wet,-1301.8212,2607.6424,2615.8475,0.4561,True,
Baixa_Grande_do_Ribeiro,pr,5,216,lognorm_wet,-596.7585,1197.5171,1204.2676,0.1203,True,
Baixa_Grande_do_Ribeiro,pr,6,28,lognorm_wet,-64.2351,132.4703,135.1347,0.5669,True,
Baixa_Grande_do_Ribeiro,pr,7,0,FAILED,,,,,False,no valid candidates
Baixa_Grande_do_Ribeiro,pr,8,10,lognorm_wet,-16.2831,36.5663,37.1715,0.5956,True,Delta_AIC < 2 vs gamma_wet (parsimony preserved)
Baixa_Grande_do_Ribeiro,pr,9,80,lognorm_wet,-220.1979,444.3958,449.1599,0.5881,True,
Baixa_Grande_do_Ribeiro,pr,10,243,lognorm_wet,-700.5311,1405.0621,1412.0482,0.2423,True,
Baixa_Grande_do_Ribeiro,pr,11,411,lognorm_wet,-1269.7418,2543.4835,2551.5207,0.2778,True,
Baixa_Grande_do_Ribeiro,pr,12,488,lognorm_wet,-1523.3709,3050.7418,3059.1224,0.1221,True,
Baixa_Grande_do_Ribeiro,ETo,1,930,norm,-1265.1385,2534.2770,2543.9473,0.0536,True,
Baixa_Grande_do_Ribeiro,ETo,2,848,norm,-1094.3899,2192.7798,2202.2656,0.1749,True,
Baixa_Grande_do_Ribeiro,ETo,3,930,norm,-1078.2391,2160.4782,2170.1486,0.0275,False,
Baixa_Grande_do_Ribeiro,ETo,4,900,norm,-995.7536,1995.5072,2005.1120,0.0001,False,
Baixa_Grande_do_Ribeiro,ETo,5,930,norm,-840.4119,1684.8239,1694.4942,0.0000,False,
Baixa_Grande_do_Ribeiro,ETo,6,900,norm,-404.0047,812.0094,821.6142,0.0010,False,
Baixa_Grande_do_Ribeiro,ETo,7,930,norm,-511.9058,1027.8116,1037.4820,0.1108,True,
Baixa_Grande_do_Ribeiro,ETo,8,930,norm,-641.8117,1287.6234,1297.2938,0.1505,True,
Baixa_Grande_do_Ribeiro,ETo,9,900,norm,-1018.5020,2041.0040,2050.6088,0.0000,False,
Baixa_Grande_do_Ribeiro,ETo,10,930,norm,-1411.4932,2826.9864,2836.6567,0.0001,False,
Baixa_Grande_do_Ribeiro,ETo,11,900,norm,-1389.0612,2782.1224,2791.7272,0.0043,False,
Baixa_Grande_do_Ribeiro,ETo,12,930,norm,-1346.3731,2696.7462,2706.4165,0.0101,False,
Baixa_Grande_do_Ribeiro,Tmax,1,930,skewnorm,-1979.5265,3965.0529,3979.5585,0.6991,True,
Baixa_Grande_do_Ribeiro,Tmax,2,848,norm,-1736.3645,3476.7289,3486.2147,0.7594,True,Delta_AIC < 2 vs skewnorm (parsimony preserved)
Baixa_Grande_do_Ribeiro,Tmax,3,930,skewnorm,-1758.2432,3522.4864,3536.9919,0.9785,True,
Baixa_Grande_do_Ribeiro,Tmax,4,900,skewnorm,-1717.4916,3440.9831,3455.3903,0.3312,True,
Baixa_Grande_do_Ribeiro,Tmax,5,930,skewnorm,-1679.6425,3365.2851,3379.7906,0.9068,True,
Baixa_Grande_do_Ribeiro,Tmax,6,900,skewnorm,-1304.7936,2615.5871,2629.9943,0.9194,True,
Baixa_Grande_do_Ribeiro,Tmax,7,930,skewnorm,-1431.5183,2869.0367,2883.5422,0.5589,True,
Baixa_Grande_do_Ribeiro,Tmax,8,930,skewnorm,-1522.4483,3050.8965,3065.4021,0.6928,True,Delta_AIC < 2 vs norm (parsimony preserved)
Baixa_Grande_do_Ribeiro,Tmax,9,900,skewnorm,-1669.8618,3345.7237,3360.1309,0.0214,False,
Baixa_Grande_do_Ribeiro,Tmax,10,930,skewnorm,-2116.6929,4239.3858,4253.8913,0.2123,True,
Baixa_Grande_do_Ribeiro,Tmax,11,900,skewnorm,-2131.3752,4268.7503,4283.1575,0.1522,True,
Baixa_Grande_do_Ribeiro,Tmax,12,930,skewnorm,-2119.9945,4245.9889,4260.4945,0.4869,True,
Baixa_Grande_do_Ribeiro,Tmin,1,930,norm,-1133.4440,2270.8880,2280.5584,0.9077,True,Delta_AIC < 2 vs skewnorm (parsimony preserved)
Baixa_Grande_do_Ribeiro,Tmin,2,848,norm,-933.8199,1871.6399,1881.1256,0.9560,True,Delta_AIC < 2 vs skewnorm (parsimony preserved)
Baixa_Grande_do_Ribeiro,Tmin,3,930,skewnorm,-1041.1043,2088.2086,2102.7142,0.9612,True,
Baixa_Grande_do_Ribeiro,Tmin,4,900,norm,-1083.0404,2170.0807,2179.6855,0.7869,True,Delta_AIC < 2 vs skewnorm (parsimony preserved)
Baixa_Grande_do_Ribeiro,Tmin,5,930,skewnorm,-1380.0840,2766.1681,2780.6736,0.6228,True,
Baixa_Grande_do_Ribeiro,Tmin,6,900,skewnorm,-1622.3496,3250.6993,3265.1065,0.7736,True,
Baixa_Grande_do_Ribeiro,Tmin,7,930,skewnorm,-1646.0993,3298.1986,3312.7042,0.9786,True,Delta_AIC < 2 vs norm (parsimony preserved)
Baixa_Grande_do_Ribeiro,Tmin,8,930,skewnorm,-1694.4150,3394.8300,3409.3355,0.3418,True,Delta_AIC < 2 vs norm (parsimony preserved)
Baixa_Grande_do_Ribeiro,Tmin,9,900,skewnorm,-1552.4776,3110.9552,3125.3624,0.9803,True,
Baixa_Grande_do_Ribeiro,Tmin,10,930,norm,-1380.4242,2764.8484,2774.5188,0.9049,True,Delta_AIC < 2 vs skewnorm (parsimony preserved)
Baixa_Grande_do_Ribeiro,Tmin,11,900,skewnorm,-1170.1444,2346.2889,2360.6961,0.8852,True,Delta_AIC < 2 vs norm (parsimony preserved)
Baixa_Grande_do_Ribeiro,Tmin,12,930,skewnorm,-1154.3918,2314.7837,2329.2892,0.3803,True,
Baixa_Grande_do_Ribeiro,RH,1,930,beta_rescaled,257.8068,-511.6136,-501.9432,0.0966,True,
Baixa_Grande_do_Ribeiro,RH,2,848,beta_rescaled,338.3414,-672.6828,-663.1970,0.0016,False,
Baixa_Grande_do_Ribeiro,RH,3,930,beta_rescaled,396.7457,-789.4915,-779.8211,0.0050,False,
Baixa_Grande_do_Ribeiro,RH,4,900,beta_rescaled,155.8668,-307.7337,-298.1289,0.2874,True,
Baixa_Grande_do_Ribeiro,RH,5,930,beta_rescaled,222.7830,-441.5661,-431.8957,0.0000,False,
Baixa_Grande_do_Ribeiro,RH,6,900,beta_rescaled,289.8576,-575.7153,-566.1105,0.0164,False,
Baixa_Grande_do_Ribeiro,RH,7,930,beta_rescaled,454.3274,-904.6548,-894.9844,0.0154,False,
Baixa_Grande_do_Ribeiro,RH,8,930,beta_rescaled,356.2026,-708.4052,-698.7348,0.0115,False,
Baixa_Grande_do_Ribeiro,RH,9,900,beta_rescaled,449.2157,-894.4315,-884.8267,0.0026,False,
Baixa_Grande_do_Ribeiro,RH,10,930,beta_rescaled,184.4167,-364.8333,-355.1630,0.0035,False,
Baixa_Grande_do_Ribeiro,RH,11,900,beta_rescaled,194.7632,-385.5264,-375.9216,0.7260,True,
Baixa_Grande_do_Ribeiro,RH,12,930,beta_rescaled,224.2103,-444.4207,-434.7503,0.4966,True,
Baixa_Grande_do_Ribeiro,Rs,1,930,norm,-2754.4860,5512.9721,5522.6424,0.0851,True,
Baixa_Grande_do_Ribeiro,Rs,2,848,norm,-2455.7559,4915.5118,4924.9975,0.2162,True,
Baixa_Grande_do_Ribeiro,Rs,3,930,norm,-2580.8086,5165.6171,5175.2875,0.0650,True,
Baixa_Grande_do_Ribeiro,Rs,4,900,norm,-2468.6267,4941.2535,4950.8583,0.0001,False,
Baixa_Grande_do_Ribeiro,Rs,5,930,norm,-2363.3821,4730.7642,4740.4346,0.0000,False,
Baixa_Grande_do_Ribeiro,Rs,6,900,norm,-1764.2262,3532.4524,3542.0572,0.0000,False,
Baixa_Grande_do_Ribeiro,Rs,7,930,norm,-1622.4789,3248.9578,3258.6282,0.0000,False,
Baixa_Grande_do_Ribeiro,Rs,8,930,norm,-1727.6997,3459.3994,3469.0698,0.0000,False,
Baixa_Grande_do_Ribeiro,Rs,9,900,norm,-2253.1155,4510.2309,4519.8357,0.0000,False,
Baixa_Grande_do_Ribeiro,Rs,10,930,norm,-2720.2582,5444.5165,5454.1868,0.0000,False,
Baixa_Grande_do_Ribeiro,Rs,11,900,norm,-2746.0171,5496.0342,5505.6390,0.0034,False,
Baixa_Grande_do_Ribeiro,Rs,12,930,norm,-2786.7101,5577.4201,5587.0905,0.0056,False,
Baixa_Grande_do_Ribeiro,u2,1,930,lognorm,156.7168,-309.4336,-299.7632,0.0000,False,Delta_AIC < 2 vs gamma (parsimony preserved)
Baixa_Grande_do_Ribeiro,u2,2,848,lognorm,201.4378,-398.8756,-389.3899,0.0000,False,Delta_AIC < 2 vs gamma (parsimony preserved)
Baixa_Grande_do_Ribeiro,u2,3,930,lognorm,174.6421,-345.2842,-335.6138,0.0000,False,
Baixa_Grande_do_Ribeiro,u2,4,900,lognorm,193.1743,-382.3486,-372.7438,0.0002,False,
Baixa_Grande_do_Ribeiro,u2,5,930,lognorm,-38.0210,80.0420,89.7124,0.0010,False,
Baixa_Grande_do_Ribeiro,u2,6,900,gamma,-269.6890,543.3781,552.9828,0.0117,False,
Baixa_Grande_do_Ribeiro,u2,7,930,gamma,-333.7490,671.4980,681.1684,0.0083,False,
Baixa_Grande_do_Ribeiro,u2,8,930,lognorm,-374.4737,752.9475,762.6179,0.0140,False,Delta_AIC < 2 vs gamma (parsimony preserved)
Baixa_Grande_do_Ribeiro,u2,9,900,lognorm,-276.7895,557.5790,567.1838,0.0152,False,
Baixa_Grande_do_Ribeiro,u2,10,930,lognorm,-158.1596,320.3192,329.9896,0.0001,False,
Baixa_Grande_do_Ribeiro,u2,11,900,lognorm,46.2730,-88.5460,-78.9412,0.0071,False,
Baixa_Grande_do_Ribeiro,u2,12,930,lognorm,96.5669,-189.1338,-179.4634,0.0019,False,
Balsas,pr,1,628,lognorm_wet,-2054.9392,4113.8784,4122.7634,0.1432,True,
Balsas,pr,2,578,lognorm_wet,-1829.5907,3663.1813,3671.9005,0.2718,True,
Balsas,pr,3,625,lognorm_wet,-1969.7875,3943.5750,3952.4505,0.0922,True,
Balsas,pr,4,457,lognorm_wet,-1367.7106,2739.4212,2747.6706,0.1637,True,
Balsas,pr,5,222,lognorm_wet,-623.2888,1250.5776,1257.3830,0.2261,True,
Balsas,pr,6,34,lognorm_wet,-75.0754,154.1507,157.2034,0.7288,True,
Balsas,pr,7,12,lognorm_wet,-30.6894,65.3788,66.3486,0.7126,True,
Balsas,pr,8,14,gamma_wet,-31.0476,66.0953,67.3734,0.7664,True,Delta_AIC < 2 vs lognorm_wet (parsimony preserved)
Balsas,pr,9,80,lognorm_wet,-224.1468,452.2937,457.0578,0.4516,True,
Balsas,pr,10,283,lognorm_wet,-851.4155,1706.8310,1714.1219,0.4148,True,
Balsas,pr,11,433,lognorm_wet,-1396.5898,2797.1797,2805.3212,0.2360,True,
Balsas,pr,12,508,lognorm_wet,-1627.7586,3259.5173,3267.9783,0.2719,True,
Balsas,ETo,1,930,norm,-1225.1656,2454.3311,2464.0015,0.0340,False,
Balsas,ETo,2,848,gamma,-1062.2034,2128.4069,2137.8926,0.2084,True,
Balsas,ETo,3,930,norm,-1063.2708,2130.5415,2140.2119,0.0242,False,
Balsas,ETo,4,900,norm,-1018.6760,2041.3520,2050.9568,0.0001,False,
Balsas,ETo,5,930,norm,-903.5610,1811.1220,1820.7923,0.0000,False,
Balsas,ETo,6,900,norm,-448.5683,901.1366,910.7414,0.0000,False,
Balsas,ETo,7,930,norm,-536.5105,1077.0210,1086.6914,0.1471,True,
Balsas,ETo,8,930,norm,-645.7664,1295.5327,1305.2031,0.0441,False,
Balsas,ETo,9,900,norm,-1098.6469,2201.2937,2210.8985,0.0000,False,
Balsas,ETo,10,930,norm,-1396.7405,2797.4809,2807.1513,0.0073,False,
Balsas,ETo,11,900,norm,-1310.7441,2625.4883,2635.0931,0.0089,False,
Balsas,ETo,12,930,norm,-1282.5318,2569.0636,2578.7340,0.0033,False,
Balsas,Tmax,1,930,skewnorm,-2072.6882,4151.3763,4165.8819,0.1997,True,
Balsas,Tmax,2,848,skewnorm,-1828.5979,3663.1958,3677.4245,0.3361,True,
Balsas,Tmax,3,930,skewnorm,-1870.5527,3747.1055,3761.6110,0.1225,True,
Balsas,Tmax,4,900,skewnorm,-1842.2916,3690.5832,3704.9904,0.0186,False,
Balsas,Tmax,5,930,skewnorm,-1800.8658,3607.7316,3622.2371,0.2277,True,
Balsas,Tmax,6,900,skewnorm,-1425.5006,2857.0012,2871.4084,0.0043,False,
Balsas,Tmax,7,930,skewnorm,-1513.4464,3032.8928,3047.3983,0.0210,False,
Balsas,Tmax,8,930,skewnorm,-1598.5718,3203.1435,3217.6491,0.0214,False,
Balsas,Tmax,9,900,skewnorm,-1847.7687,3701.5375,3715.9447,0.0000,False,
Balsas,Tmax,10,930,skewnorm,-2238.8629,4483.7258,4498.2314,0.0625,True,
Balsas,Tmax,11,900,skewnorm,-2220.2350,4446.4700,4460.8772,0.1535,True,
Balsas,Tmax,12,930,skewnorm,-2209.0859,4424.1717,4438.6773,0.2804,True,
Balsas,Tmin,1,930,norm,-1389.9872,2783.9744,2793.6448,0.2493,True,Delta_AIC < 2 vs skewnorm (parsimony preserved)
Balsas,Tmin,2,848,skewnorm,-1221.2073,2448.4147,2462.6433,0.0343,False,
Balsas,Tmin,3,930,norm,-1321.2074,2646.4147,2656.0851,0.0817,True,Delta_AIC < 2 vs skewnorm (parsimony preserved)
Balsas,Tmin,4,900,skewnorm,-1284.6323,2575.2647,2589.6718,0.0754,True,Delta_AIC < 2 vs norm (parsimony preserved)
Balsas,Tmin,5,930,skewnorm,-1500.6402,3007.2805,3021.7860,0.1367,True,
Balsas,Tmin,6,900,skewnorm,-1768.6273,3543.2545,3557.6617,0.0971,True,
Balsas,Tmin,7,930,skewnorm,-1772.9567,3551.9135,3566.4190,0.4922,True,
Balsas,Tmin,8,930,norm,-1915.5187,3835.0373,3844.7077,0.1490,True,Delta_AIC < 2 vs skewnorm (parsimony preserved)
Balsas,Tmin,9,900,skewnorm,-1728.1033,3462.2066,3476.6138,0.2187,True,
Balsas,Tmin,10,930,norm,-1656.8363,3317.6725,3327.3429,0.0735,True,Delta_AIC < 2 vs skewnorm (parsimony preserved)
Balsas,Tmin,11,900,skewnorm,-1391.4858,2788.9717,2803.3788,0.2136,True,
Balsas,Tmin,12,930,skewnorm,-1430.1354,2866.2707,2880.7763,0.0066,False,
Balsas,RH,1,930,beta_rescaled,270.6651,-537.3302,-527.6598,0.0678,True,
Balsas,RH,2,848,beta_rescaled,438.9213,-873.8425,-864.3567,0.0008,False,
Balsas,RH,3,930,beta_rescaled,447.4568,-890.9135,-881.2432,0.0119,False,
Balsas,RH,4,900,beta_rescaled,251.8533,-499.7066,-490.1018,0.2937,True,
Balsas,RH,5,930,beta_rescaled,250.8954,-497.7909,-488.1205,0.0127,False,
Balsas,RH,6,900,beta_rescaled,315.1964,-626.3927,-616.7879,0.0023,False,
Balsas,RH,7,930,beta_rescaled,523.4687,-1042.9374,-1033.2670,0.0021,False,
Balsas,RH,8,930,beta_rescaled,556.8001,-1109.6001,-1099.9297,0.0237,False,
Balsas,RH,9,900,beta_rescaled,291.1533,-578.3066,-568.7018,0.0798,True,
Balsas,RH,10,930,beta_rescaled,157.2527,-310.5055,-300.8351,0.1672,True,
Balsas,RH,11,900,beta_rescaled,291.8627,-579.7254,-570.1207,0.4399,True,
Balsas,RH,12,930,beta_rescaled,342.8436,-681.6872,-672.0169,0.3781,True,
Balsas,Rs,1,930,norm,-2706.2989,5416.5979,5426.2682,0.0633,True,
Balsas,Rs,2,848,gamma,-2407.6145,4819.2290,4828.7148,0.1472,True,Delta_AIC < 2 vs norm (parsimony preserved)
Balsas,Rs,3,930,norm,-2543.0472,5090.0944,5099.7647,0.0730,True,
Balsas,Rs,4,900,norm,-2469.4966,4942.9931,4952.5979,0.0004,False,
Balsas,Rs,5,930,norm,-2413.6393,4831.2786,4840.9490,0.0000,False,
Balsas,Rs,6,900,norm,-1815.2454,3634.4908,3644.0955,0.0000,False,
Balsas,Rs,7,930,norm,-1678.8294,3361.6588,3371.3292,0.0000,False,
Balsas,Rs,8,930,norm,-1828.8643,3661.7287,3671.3991,0.0000,False,
Balsas,Rs,9,900,norm,-2382.6113,4769.2226,4778.8274,0.0000,False,
Balsas,Rs,10,930,norm,-2745.0592,5494.1185,5503.7888,0.0000,False,
Balsas,Rs,11,900,norm,-2690.5633,5385.1266,5394.7314,0.0118,False,
Balsas,Rs,12,930,norm,-2737.6574,5479.3148,5488.9851,0.0085,False,
Balsas,u2,1,930,lognorm,285.2982,-566.5964,-556.9260,0.0000,False,
Balsas,u2,2,848,lognorm,238.5444,-473.0889,-463.6031,0.0001,False,
Balsas,u2,3,930,lognorm,229.3792,-454.7585,-445.0881,0.0000,False,
Balsas,u2,4,900,lognorm,257.8339,-511.6679,-502.0631,0.0000,False,
Balsas,u2,5,930,lognorm,-10.8350,25.6700,35.3403,0.0008,False,
Balsas,u2,6,900,gamma,-229.4115,462.8230,472.4278,0.0423,False,
Balsas,u2,7,930,gamma,-298.1957,600.3915,610.0618,0.0202,False,
Balsas,u2,8,930,lognorm,-239.0240,482.0480,491.7184,0.0159,False,
Balsas,u2,9,900,lognorm,-140.1525,284.3050,293.9098,0.0114,False,
Balsas,u2,10,930,lognorm,31.7172,-59.4343,-49.7640,0.0005,False,
Balsas,u2,11,900,lognorm,202.9374,-401.8749,-392.2701,0.0001,False,
Balsas,u2,12,930,gamma,239.7624,-475.5248,-465.8544,0.0001,False,
Barreiras,pr,1,435,lognorm_wet,-1459.9432,2923.8864,2932.0371,0.3106,True,
Barreiras,pr,2,426,lognorm_wet,-1355.0913,2714.1827,2722.2916,0.3326,True,
Barreiras,pr,3,451,lognorm_wet,-1483.8300,2971.6600,2979.8829,0.3425,True,
Barreiras,pr,4,278,lognorm_wet,-822.3326,1648.6653,1655.9205,0.0637,True,
Barreiras,pr,5,85,lognorm_wet,-236.4581,476.9163,481.8016,0.4093,True,
Barreiras,pr,6,11,lognorm_wet,-27.4688,58.9376,59.7334,0.3310,True,
Barreiras,pr,7,0,FAILED,,,,,False,no valid candidates
Barreiras,pr,8,0,FAILED,,,,,False,no valid candidates
Barreiras,pr,9,60,lognorm_wet,-146.1004,296.2008,300.3894,0.6781,True,
Barreiras,pr,10,203,lognorm_wet,-644.7750,1293.5500,1300.1765,0.1245,True,
Barreiras,pr,11,427,lognorm_wet,-1484.2027,2972.4054,2980.5190,0.1123,True,
Barreiras,pr,12,452,lognorm_wet,-1569.4080,3142.8159,3151.0433,0.1393,True,
Barreiras,ETo,1,930,norm,-1371.6083,2747.2167,2756.8870,0.0000,False,
Barreiras,ETo,2,848,norm,-1198.4355,2400.8710,2410.3567,0.0000,False,
Barreiras,ETo,3,930,norm,-1202.7189,2409.4377,2419.1081,0.0003,False,
Barreiras,ETo,4,900,norm,-909.1721,1822.3441,1831.9489,0.0000,False,
Barreiras,ETo,5,930,norm,-730.9468,1465.8935,1475.5639,0.0000,False,
Barreiras,ETo,6,900,norm,-376.5044,757.0088,766.6136,0.0307,False,
Barreiras,ETo,7,930,norm,-512.2342,1028.4684,1038.1388,0.1419,True,
Barreiras,ETo,8,930,norm,-712.3493,1428.6986,1438.3689,0.0546,True,
Barreiras,ETo,9,900,norm,-1030.1175,2064.2350,2073.8398,0.0000,False,
Barreiras,ETo,10,930,norm,-1469.8135,2943.6270,2953.2974,0.0000,False,
Barreiras,ETo,11,900,norm,-1532.3616,3068.7232,3078.3280,0.0007,False,
Barreiras,ETo,12,930,norm,-1435.2272,2874.4544,2884.1248,0.0000,False,
Barreiras,Tmax,1,930,skewnorm,-2159.2144,4324.4288,4338.9343,0.9005,True,
Barreiras,Tmax,2,848,skewnorm,-1897.8750,3801.7501,3815.9787,0.8989,True,
Barreiras,Tmax,3,930,skewnorm,-2044.9795,4095.9590,4110.4645,0.8209,True,
Barreiras,Tmax,4,900,skewnorm,-1889.7648,3785.5297,3799.9368,0.0383,False,
Barreiras,Tmax,5,930,skewnorm,-1902.4206,3810.8413,3825.3468,0.0843,True,
Barreiras,Tmax,6,900,skewnorm,-1653.1483,3312.2967,3326.7039,0.1843,True,
Barreiras,Tmax,7,930,skewnorm,-1755.3186,3516.6373,3531.1428,0.3612,True,
Barreiras,Tmax,8,930,skewnorm,-1857.3431,3720.6863,3735.1918,0.0756,True,
Barreiras,Tmax,9,900,skewnorm,-1879.2818,3764.5636,3778.9708,0.1554,True,
Barreiras,Tmax,10,930,skewnorm,-2131.3024,4268.6047,4283.1103,0.0014,False,
Barreiras,Tmax,11,900,skewnorm,-2365.6598,4737.3196,4751.7268,0.2156,True,
Barreiras,Tmax,12,930,skewnorm,-2262.3937,4530.7875,4545.2930,0.9598,True,
Barreiras,Tmin,1,930,skewnorm,-1503.8412,3013.6825,3028.1880,0.5345,True,
Barreiras,Tmin,2,848,skewnorm,-1257.0037,2520.0074,2534.2361,0.8704,True,
Barreiras,Tmin,3,930,skewnorm,-1381.3846,2768.7692,2783.2747,0.3170,True,
Barreiras,Tmin,4,900,skewnorm,-1563.3468,3132.6936,3147.1008,0.9666,True,
Barreiras,Tmin,5,930,skewnorm,-1965.8450,3937.6900,3952.1956,0.6288,True,
Barreiras,Tmin,6,900,skewnorm,-1945.9945,3897.9891,3912.3963,0.7310,True,
Barreiras,Tmin,7,930,skewnorm,-1984.5867,3975.1734,3989.6789,0.6522,True,
Barreiras,Tmin,8,930,norm,-2140.3512,4284.7023,4294.3727,0.4184,True,Delta_AIC < 2 vs skewnorm (parsimony preserved)
Barreiras,Tmin,9,900,norm,-2118.5986,4241.1972,4250.8020,0.2765,True,Delta_AIC < 2 vs skewnorm (parsimony preserved)
Barreiras,Tmin,10,930,skewnorm,-1893.5028,3793.0055,3807.5111,0.0473,False,
Barreiras,Tmin,11,900,skewnorm,-1606.1792,3218.3583,3232.7655,0.1145,True,
Barreiras,Tmin,12,930,skewnorm,-1530.9034,3067.8069,3082.3124,0.3158,True,
Barreiras,RH,1,930,beta_rescaled,273.4120,-542.8240,-533.1536,0.3612,True,
Barreiras,RH,2,848,beta_rescaled,202.2682,-400.5364,-391.0506,0.0772,True,
Barreiras,RH,3,930,beta_rescaled,189.0729,-374.1458,-364.4755,0.3063,True,
Barreiras,RH,4,900,beta_rescaled,230.5903,-457.1805,-447.5757,0.0892,True,
Barreiras,RH,5,930,beta_rescaled,335.8167,-667.6333,-657.9629,0.0012,False,
Barreiras,RH,6,900,beta_rescaled,567.8770,-1131.7540,-1122.1492,0.0061,False,
Barreiras,RH,7,930,beta_rescaled,394.8603,-785.7206,-776.0502,0.0441,False,
Barreiras,RH,8,930,beta_rescaled,551.4228,-1098.8457,-1089.1753,0.0091,False,
Barreiras,RH,9,900,beta_rescaled,588.8485,-1173.6969,-1164.0921,0.0000,False,
Barreiras,RH,10,930,beta_rescaled,174.2930,-344.5860,-334.9156,0.0000,False,
Barreiras,RH,11,900,beta_rescaled,155.3460,-306.6920,-297.0873,0.0293,False,
Barreiras,RH,12,930,beta_rescaled,138.3729,-272.7458,-263.0754,0.0977,True,
Barreiras,Rs,1,930,norm,-2847.3930,5698.7860,5708.4564,0.0000,False,
Barreiras,Rs,2,848,norm,-2553.5188,5111.0376,5120.5234,0.0000,False,
Barreiras,Rs,3,930,norm,-2668.0912,5340.1824,5349.8528,0.0000,False,
Barreiras,Rs,4,900,norm,-2353.4966,4710.9932,4720.5980,0.0000,False,
Barreiras,Rs,5,930,norm,-2235.3237,4474.6473,4484.3177,0.0000,False,
Barreiras,Rs,6,900,norm,-1774.0130,3552.0260,3561.6308,0.0000,False,
Barreiras,Rs,7,930,norm,-1751.7192,3507.4385,3517.1089,0.0000,False,
Barreiras,Rs,8,930,norm,-1859.7598,3723.5195,3733.1899,0.0000,False,
Barreiras,Rs,9,900,norm,-2275.9970,4555.9941,4565.5988,0.0000,False,
Barreiras,Rs,10,930,norm,-2701.5327,5407.0654,5416.7358,0.0000,False,
Barreiras,Rs,11,900,norm,-2805.8609,5615.7217,5625.3265,0.0000,False,
Barreiras,Rs,12,930,norm,-2877.8502,5759.7005,5769.3708,0.0000,False,
Barreiras,u2,1,930,gamma,-60.0176,124.0353,133.7057,0.0002,False,
Barreiras,u2,2,848,gamma,-72.7773,149.5547,159.0405,0.0004,False,
Barreiras,u2,3,930,gamma,-45.8674,95.7349,105.4053,0.0005,False,
Barreiras,u2,4,900,lognorm,-149.7378,303.4755,313.0803,0.0001,False,
Barreiras,u2,5,930,lognorm,-331.1096,666.2192,675.8896,0.0032,False,
Barreiras,u2,6,900,gamma,-404.5243,813.0486,822.6534,0.0013,False,
Barreiras,u2,7,930,gamma,-534.6070,1073.2139,1082.8843,0.0080,False,
Barreiras,u2,8,930,lognorm,-543.4095,1090.8191,1100.4894,0.0133,False,
Barreiras,u2,9,900,gamma,-498.9961,1001.9921,1011.5969,0.0555,True,
Barreiras,u2,10,930,gamma,-477.3928,958.7856,968.4560,0.0240,False,
Barreiras,u2,11,900,gamma,-253.5727,511.1454,520.7501,0.0024,False,
Barreiras,u2,12,930,gamma,-113.8721,231.7441,241.4145,0.0013,False,
Bom_Jesus,pr,1,541,lognorm_wet,-1683.9477,3371.8955,3380.4823,0.1684,True,
Bom_Jesus,pr,2,533,lognorm_wet,-1603.2888,3210.5776,3219.1347,0.0435,False,
Bom_Jesus,pr,3,543,lognorm_wet,-1647.3723,3298.7447,3307.3389,0.2716,True,
Bom_Jesus,pr,4,363,lognorm_wet,-1044.2049,2092.4099,2100.1987,0.2305,True,
Bom_Jesus,pr,5,138,lognorm_wet,-382.5617,769.1235,774.9780,0.0464,False,
Bom_Jesus,pr,6,25,lognorm_wet,-65.6292,135.2584,137.6962,0.8024,True,
Bom_Jesus,pr,7,0,FAILED,,,,,False,no valid candidates
Bom_Jesus,pr,8,11,lognorm_wet,-21.8677,47.7354,48.5312,0.9740,True,Delta_AIC < 2 vs gamma_wet (parsimony preserved)
Bom_Jesus,pr,9,50,lognorm_wet,-137.7602,279.5205,283.3445,0.4908,True,
Bom_Jesus,pr,10,203,lognorm_wet,-622.2593,1248.5185,1255.1449,0.4308,True,
Bom_Jesus,pr,11,407,lognorm_wet,-1211.2586,2426.5172,2434.5349,0.0894,True,
Bom_Jesus,pr,12,436,lognorm_wet,-1311.7769,2627.5539,2635.7092,0.1960,True,
Bom_Jesus,ETo,1,930,norm,-1442.2909,2888.5818,2898.2522,0.0012,False,
Bom_Jesus,ETo,2,848,norm,-1255.9349,2515.8698,2525.3555,0.0141,False,
Bom_Jesus,ETo,3,930,norm,-1257.8830,2519.7660,2529.4364,0.0002,False,
Bom_Jesus,ETo,4,900,norm,-1093.1963,2190.3927,2199.9975,0.0000,False,
Bom_Jesus,ETo,5,930,norm,-993.7211,1991.4423,2001.1127,0.0001,False,
Bom_Jesus,ETo,6,900,gamma,-697.7676,1399.5353,1409.1401,0.1235,True,
Bom_Jesus,ETo,7,930,gamma,-849.7678,1703.5356,1713.2060,0.0957,True,Delta_AIC < 2 vs lognorm (parsimony preserved)
Bom_Jesus,ETo,8,930,lognorm,-867.9143,1739.8286,1749.4989,0.1063,True,Delta_AIC < 2 vs gamma (parsimony preserved)
Bom_Jesus,ETo,9,900,norm,-1139.9831,2283.9662,2293.5710,0.0010,False,
Bom_Jesus,ETo,10,930,norm,-1557.6150,3119.2300,3128.9003,0.0000,False,
Bom_Jesus,ETo,11,900,norm,-1565.4562,3134.9124,3144.5172,0.0000,False,
Bom_Jesus,ETo,12,930,norm,-1507.7333,3019.4667,3029.1370,0.0000,False,
Bom_Jesus,Tmax,1,930,skewnorm,-2201.4131,4408.8262,4423.3318,0.4618,True,
Bom_Jesus,Tmax,2,848,skewnorm,-1917.8470,3841.6940,3855.9227,0.2738,True,
Bom_Jesus,Tmax,3,930,skewnorm,-2014.8604,4035.7207,4050.2263,0.5121,True,
Bom_Jesus,Tmax,4,900,skewnorm,-1898.0203,3802.0406,3816.4478,0.2308,True,
Bom_Jesus,Tmax,5,930,skewnorm,-1863.1569,3732.3138,3746.8194,0.1282,True,
Bom_Jesus,Tmax,6,900,skewnorm,-1794.2970,3594.5941,3609.0012,0.0001,False,
Bom_Jesus,Tmax,7,930,skewnorm,-1787.5165,3581.0330,3595.5385,0.0047,False,
Bom_Jesus,Tmax,8,930,skewnorm,-1823.3584,3652.7167,3667.2223,0.0001,False,Delta_AIC < 2 vs norm (parsimony preserved)
Bom_Jesus,Tmax,9,900,skewnorm,-1904.9857,3815.9713,3830.3785,0.0393,False,
Bom_Jesus,Tmax,10,930,skewnorm,-2144.3967,4294.7934,4309.2989,0.1410,True,
Bom_Jesus,Tmax,11,900,skewnorm,-2192.9700,4391.9400,4406.3472,0.2043,True,
Bom_Jesus,Tmax,12,930,skewnorm,-2178.3044,4362.6088,4377.1144,0.0361,False,
Bom_Jesus,Tmin,1,930,skewnorm,-1597.8516,3201.7032,3216.2088,0.1173,True,
Bom_Jesus,Tmin,2,848,skewnorm,-1370.0621,2746.1242,2760.3528,0.0073,False,
Bom_Jesus,Tmin,3,930,skewnorm,-1499.8738,3005.7476,3020.2531,0.0448,False,
Bom_Jesus,Tmin,4,900,skewnorm,-1488.4272,2982.8544,2997.2616,0.0908,True,
Bom_Jesus,Tmin,5,930,skewnorm,-1664.0173,3334.0347,3348.5402,0.0113,False,
Bom_Jesus,Tmin,6,900,skewnorm,-1805.5356,3617.0713,3631.4784,0.0024,False,
Bom_Jesus,Tmin,7,930,skewnorm,-1883.0707,3772.1414,3786.6469,0.6250,True,
Bom_Jesus,Tmin,8,930,skewnorm,-1764.2900,3534.5800,3549.0856,0.1603,True,
Bom_Jesus,Tmin,9,900,skewnorm,-1653.2328,3312.4657,3326.8729,0.0030,False,Delta_AIC < 2 vs norm (parsimony preserved)
Bom_Jesus,Tmin,10,930,norm,-1675.7583,3355.5166,3365.1869,0.0031,False,Delta_AIC < 2 vs skewnorm (parsimony preserved)
Bom_Jesus,Tmin,11,900,norm,-1658.0894,3320.1788,3329.7836,0.0106,False,Delta_AIC < 2 vs skewnorm (parsimony preserved)
Bom_Jesus,Tmin,12,930,skewnorm,-1607.6562,3221.3124,3235.8180,0.0127,False,
Bom_Jesus,RH,1,930,beta_rescaled,164.9434,-325.8867,-316.2163,0.6497,True,
Bom_Jesus,RH,2,848,beta_rescaled,175.3587,-346.7174,-337.2317,0.0284,False,
Bom_Jesus,RH,3,930,beta_rescaled,217.5721,-431.1442,-421.4739,0.0173,False,
Bom_Jesus,RH,4,900,beta_rescaled,228.2465,-452.4931,-442.8883,0.0097,False,
Bom_Jesus,RH,5,930,beta_rescaled,223.9518,-443.9035,-434.2332,0.0313,False,
Bom_Jesus,RH,6,900,beta_rescaled,282.2758,-560.5516,-550.9468,0.2416,True,
Bom_Jesus,RH,7,930,beta_rescaled,232.4460,-460.8920,-451.2216,0.2188,True,
Bom_Jesus,RH,8,930,beta_rescaled,301.4283,-598.8565,-589.1861,0.0436,False,
Bom_Jesus,RH,9,900,beta_rescaled,534.0490,-1064.0980,-1054.4932,0.0000,False,
Bom_Jesus,RH,10,930,beta_rescaled,243.3865,-482.7729,-473.1026,0.0000,False,
Bom_Jesus,RH,11,900,beta_rescaled,133.7946,-263.5891,-253.9843,0.0842,True,
Bom_Jesus,RH,12,930,beta_rescaled,154.7631,-305.5262,-295.8559,0.1231,True,
Bom_Jesus,Rs,1,930,norm,-2833.5547,5671.1093,5680.7797,0.0023,False,
Bom_Jesus,Rs,2,848,norm,-2563.3706,5130.7412,5140.2270,0.0009,False,
Bom_Jesus,Rs,3,930,norm,-2711.8153,5427.6307,5437.3011,0.0002,False,
Bom_Jesus,Rs,4,900,norm,-2513.4216,5030.8433,5040.4480,0.0000,False,
Bom_Jesus,Rs,5,930,norm,-2355.8708,4715.7416,4725.4120,0.0000,False,
Bom_Jesus,Rs,6,900,norm,-1829.3715,3662.7430,3672.3478,0.0000,False,
Bom_Jesus,Rs,7,930,norm,-1768.5058,3541.0116,3550.6820,0.0000,False,
Bom_Jesus,Rs,8,930,norm,-1741.5287,3487.0574,3496.7278,0.0000,False,
Bom_Jesus,Rs,9,900,norm,-2215.8241,4435.6482,4445.2530,0.0000,False,
Bom_Jesus,Rs,10,930,norm,-2718.9812,5441.9623,5451.6327,0.0000,False,
Bom_Jesus,Rs,11,900,norm,-2797.7684,5599.5368,5609.1416,0.0000,False,
Bom_Jesus,Rs,12,930,norm,-2859.7115,5723.4231,5733.0934,0.0000,False,
Bom_Jesus,u2,1,930,lognorm,-34.1962,72.3925,82.0629,0.0013,False,
Bom_Jesus,u2,2,848,lognorm,49.0670,-94.1340,-84.6483,0.0000,False,
Bom_Jesus,u2,3,930,lognorm,76.2296,-148.4592,-138.7888,0.0000,False,
Bom_Jesus,u2,4,900,lognorm,31.1385,-58.2770,-48.6722,0.0001,False,
Bom_Jesus,u2,5,930,lognorm,-330.6402,665.2805,674.9509,0.0011,False,
Bom_Jesus,u2,6,900,gamma,-498.8449,1001.6897,1011.2945,0.0243,False,
Bom_Jesus,u2,7,930,gamma,-615.0754,1234.1508,1243.8211,0.0788,True,
Bom_Jesus,u2,8,930,gamma,-666.5577,1337.1155,1346.7858,0.1184,True,
Bom_Jesus,u2,9,900,gamma,-598.5280,1201.0560,1210.6608,0.0034,False,Delta_AIC < 2 vs lognorm (parsimony preserved)
Bom_Jesus,u2,10,930,lognorm,-564.8955,1133.7911,1143.4615,0.0616,True,
Bom_Jesus,u2,11,900,gamma,-338.0784,680.1568,689.7615,0.0248,False,
Bom_Jesus,u2,12,930,gamma,-169.5434,343.0868,352.7572,0.0007,False,
Campos_Lindos,pr,1,688,lognorm_wet,-2232.7774,4469.5549,4478.6225,0.3445,True,
Campos_Lindos,pr,2,629,lognorm_wet,-1994.0243,3992.0486,4000.9369,0.2255,True,
Campos_Lindos,pr,3,684,lognorm_wet,-2199.0046,4402.0093,4411.0652,0.1019,True,
Campos_Lindos,pr,4,513,lognorm_wet,-1569.7919,3143.5839,3152.0644,0.2349,True,
Campos_Lindos,pr,5,256,lognorm_wet,-736.3499,1476.6998,1483.7901,0.1359,True,
Campos_Lindos,pr,6,43,lognorm_wet,-100.3645,204.7290,208.2514,0.6927,True,
Campos_Lindos,pr,7,17,lognorm_wet,-40.5472,85.0944,86.7608,0.7841,True,
Campos_Lindos,pr,8,17,lognorm_wet,-33.8003,71.6006,73.2670,0.9801,True,Delta_AIC < 2 vs gamma_wet (parsimony preserved)
Campos_Lindos,pr,9,117,lognorm_wet,-322.6382,649.2763,654.8007,0.1773,True,
Campos_Lindos,pr,10,353,lognorm_wet,-1034.6395,2073.2791,2081.0120,0.2811,True,
Campos_Lindos,pr,11,499,lognorm_wet,-1589.0343,3182.0686,3190.4938,0.5066,True,
Campos_Lindos,pr,12,581,lognorm_wet,-1867.4482,3738.8963,3747.6258,0.0889,True,
Campos_Lindos,ETo,1,930,norm,-1206.5792,2417.1583,2426.8287,0.2548,True,
Campos_Lindos,ETo,2,848,gamma,-1050.4245,2104.8490,2114.3347,0.4293,True,
Campos_Lindos,ETo,3,930,norm,-1064.2281,2132.4563,2142.1266,0.0470,False,
Campos_Lindos,ETo,4,900,norm,-1003.3207,2010.6415,2020.2462,0.0003,False,
Campos_Lindos,ETo,5,930,norm,-871.6850,1747.3699,1757.0403,0.0000,False,
Campos_Lindos,ETo,6,900,norm,-372.6559,749.3118,758.9166,0.0000,False,
Campos_Lindos,ETo,7,930,norm,-475.0802,954.1604,963.8308,0.1108,True,
Campos_Lindos,ETo,8,930,norm,-664.7697,1333.5394,1343.2098,0.1655,True,
Campos_Lindos,ETo,9,900,norm,-1100.1853,2204.3706,2213.9754,0.0000,False,
Campos_Lindos,ETo,10,930,norm,-1371.5675,2747.1349,2756.8053,0.0030,False,
Campos_Lindos,ETo,11,900,norm,-1282.0276,2568.0551,2577.6599,0.0158,False,
Campos_Lindos,ETo,12,930,norm,-1238.2051,2480.4103,2490.0806,0.0298,False,
Campos_Lindos,Tmax,1,930,skewnorm,-1929.6062,3865.2125,3879.7180,0.9732,True,
Campos_Lindos,Tmax,2,848,skewnorm,-1720.7033,3447.4067,3461.6353,0.1088,True,
Campos_Lindos,Tmax,3,930,skewnorm,-1779.7924,3565.5848,3580.0904,0.6444,True,
Campos_Lindos,Tmax,4,900,skewnorm,-1703.4195,3412.8390,3427.2462,0.0667,True,
Campos_Lindos,Tmax,5,930,skewnorm,-1647.3827,3300.7653,3315.2709,0.5852,True,
Campos_Lindos,Tmax,6,900,skewnorm,-1202.2459,2410.4918,2424.8990,0.4418,True,
Campos_Lindos,Tmax,7,930,skewnorm,-1340.1786,2686.3572,2700.8627,0.6758,True,
Campos_Lindos,Tmax,8,930,skewnorm,-1480.6785,2967.3570,2981.8626,0.6259,True,
Campos_Lindos,Tmax,9,900,skewnorm,-1735.7332,3477.4664,3491.8736,0.0015,False,
Campos_Lindos,Tmax,10,930,skewnorm,-2173.0928,4352.1856,4366.6912,0.8179,True,
Campos_Lindos,Tmax,11,900,skewnorm,-2058.3533,4122.7065,4137.1137,0.8831,True,
Campos_Lindos,Tmax,12,930,skewnorm,-1999.9186,4005.8373,4020.3428,0.7863,True,
Campos_Lindos,Tmin,1,930,norm,-1083.1278,2170.2556,2179.9259,0.9207,True,Delta_AIC < 2 vs skewnorm (parsimony preserved)
Campos_Lindos,Tmin,2,848,skewnorm,-917.0475,1840.0951,1854.3237,0.9510,True,Delta_AIC < 2 vs norm (parsimony preserved)
Campos_Lindos,Tmin,3,930,norm,-946.4853,1896.9707,1906.6410,0.6859,True,Delta_AIC < 2 vs skewnorm (parsimony preserved)
Campos_Lindos,Tmin,4,900,norm,-984.5743,1973.1486,1982.7534,0.2258,True,Delta_AIC < 2 vs skewnorm (parsimony preserved)
Campos_Lindos,Tmin,5,930,skewnorm,-1346.5513,2699.1025,2713.6081,0.8408,True,
Campos_Lindos,Tmin,6,900,norm,-1550.0919,3104.1837,3113.7885,0.9602,True,Delta_AIC < 2 vs skewnorm (parsimony preserved)
Campos_Lindos,Tmin,7,930,norm,-1661.9045,3327.8091,3337.4794,0.9046,True,Delta_AIC < 2 vs skewnorm (parsimony preserved)
Campos_Lindos,Tmin,8,930,norm,-1739.7898,3483.5797,3493.2500,0.2931,True,Delta_AIC < 2 vs skewnorm (parsimony preserved)
Campos_Lindos,Tmin,9,900,skewnorm,-1511.2980,3028.5959,3043.0031,0.9627,True,
Campos_Lindos,Tmin,10,930,norm,-1374.6490,2753.2980,2762.9684,0.8753,True,Delta_AIC < 2 vs skewnorm (parsimony preserved)
Campos_Lindos,Tmin,11,900,norm,-1088.3589,2180.7178,2190.3226,0.7800,True,Delta_AIC < 2 vs skewnorm (parsimony preserved)
Campos_Lindos,Tmin,12,930,norm,-979.9103,1963.8206,1973.4909,0.7470,True,Delta_AIC < 2 vs skewnorm (parsimony preserved)
Campos_Lindos,RH,1,930,beta_rescaled,212.7114,-421.4229,-411.7525,0.0042,False,
Campos_Lindos,RH,2,848,beta_rescaled,456.9947,-909.9895,-900.5037,0.0002,False,
Campos_Lindos,RH,3,930,beta_rescaled,397.4776,-790.9553,-781.2849,0.0153,False,
Campos_Lindos,RH,4,900,beta_rescaled,235.2538,-466.5077,-456.9029,0.1560,True,
Campos_Lindos,RH,5,930,beta_rescaled,266.0159,-528.0318,-518.3615,0.0011,False,
Campos_Lindos,RH,6,900,beta_rescaled,360.0606,-716.1211,-706.5163,0.0007,False,
Campos_Lindos,RH,7,930,beta_rescaled,508.3773,-1012.7546,-1003.0842,0.0012,False,
Campos_Lindos,RH,8,930,beta_rescaled,558.4049,-1112.8097,-1103.1393,0.0013,False,
Campos_Lindos,RH,9,900,beta_rescaled,227.5983,-451.1966,-441.5918,0.0532,True,
Campos_Lindos,RH,10,930,beta_rescaled,169.6056,-335.2111,-325.5408,0.0330,False,
Campos_Lindos,RH,11,900,beta_rescaled,329.2982,-654.5964,-644.9916,0.4616,True,
Campos_Lindos,RH,12,930,beta_rescaled,391.3893,-778.7785,-769.1081,0.2156,True,
Campos_Lindos,Rs,1,930,norm,-2707.6999,5419.3999,5429.0703,0.1230,True,
Campos_Lindos,Rs,2,848,gamma,-2411.9719,4827.9438,4837.4296,0.2033,True,
Campos_Lindos,Rs,3,930,norm,-2563.4303,5130.8606,5140.5309,0.1856,True,
Campos_Lindos,Rs,4,900,norm,-2487.3432,4978.6864,4988.2912,0.0013,False,
Campos_Lindos,Rs,5,930,norm,-2424.1821,4852.3642,4862.0346,0.0000,False,
Campos_Lindos,Rs,6,900,norm,-1785.9858,3575.9717,3585.5764,0.0000,False,
Campos_Lindos,Rs,7,930,norm,-1662.9304,3329.8607,3339.5311,0.0000,False,
Campos_Lindos,Rs,8,930,norm,-1860.7159,3725.4317,3735.1021,0.0000,False,
Campos_Lindos,Rs,9,900,norm,-2410.9245,4825.8490,4835.4538,0.0000,False,
Campos_Lindos,Rs,10,930,norm,-2755.0597,5514.1194,5523.7898,0.0000,False,
Campos_Lindos,Rs,11,900,norm,-2692.4719,5388.9439,5398.5487,0.0017,False,
Campos_Lindos,Rs,12,930,norm,-2724.3489,5452.6978,5462.3682,0.0189,False,
Campos_Lindos,u2,1,930,gamma,127.5388,-251.0777,-241.4073,0.0000,False,
Campos_Lindos,u2,2,848,gamma,110.8546,-217.7091,-208.2234,0.0012,False,
Campos_Lindos,u2,3,930,lognorm,166.4011,-328.8021,-319.1318,0.0000,False,
Campos_Lindos,u2,4,900,gamma,180.8981,-357.7962,-348.1914,0.0008,False,
Campos_Lindos,u2,5,930,gamma,-20.7825,45.5649,55.2353,0.0010,False,
Campos_Lindos,u2,6,900,gamma,-234.1330,472.2660,481.8708,0.0049,False,
Campos_Lindos,u2,7,930,gamma,-297.4765,598.9531,608.6234,0.0576,True,
Campos_Lindos,u2,8,930,lognorm,-303.3467,610.6934,620.3638,0.0363,False,Delta_AIC < 2 vs gamma (parsimony preserved)
Campos_Lindos,u2,9,900,gamma,-157.8985,319.7971,329.4019,0.0133,False,
Campos_Lindos,u2,10,930,gamma,-48.8893,101.7786,111.4490,0.0010,False,
Campos_Lindos,u2,11,900,gamma,86.8452,-169.6904,-160.0856,0.0006,False,
Campos_Lindos,u2,12,930,gamma,117.3776,-230.7552,-221.0848,0.0002,False,
Correntina,pr,1,396,lognorm_wet,-1340.4403,2684.8805,2692.8434,0.1790,True,
Correntina,pr,2,349,lognorm_wet,-1149.9794,2303.9588,2311.6689,0.4473,True,
Correntina,pr,3,390,lognorm_wet,-1295.5691,2595.1382,2603.0705,0.1073,True,
Correntina,pr,4,210,lognorm_wet,-657.5120,1319.0240,1325.7182,0.0248,False,
Correntina,pr,5,62,lognorm_wet,-162.0030,328.0059,332.2602,0.6345,True,
Correntina,pr,6,12,lognorm_wet,-12.2402,28.4803,29.4501,0.5839,True,Delta_AIC < 2 vs gamma_wet (parsimony preserved)
Correntina,pr,7,0,FAILED,,,,,False,no valid candidates
Correntina,pr,8,0,FAILED,,,,,False,no valid candidates
Correntina,pr,9,68,lognorm_wet,-161.6579,327.3157,331.7548,0.3981,True,
Correntina,pr,10,209,lognorm_wet,-652.2771,1308.5542,1315.2389,0.0624,True,
Correntina,pr,11,454,lognorm_wet,-1590.6909,3185.3817,3193.6179,0.0486,False,
Correntina,pr,12,438,lognorm_wet,-1502.0660,3008.1320,3016.2965,0.1546,True,
Correntina,ETo,1,930,norm,-1402.6638,2809.3277,2818.9980,0.0000,False,
Correntina,ETo,2,848,norm,-1209.8022,2423.6044,2433.0902,0.0000,False,
Correntina,ETo,3,930,norm,-1224.1846,2452.3692,2462.0395,0.0000,False,
Correntina,ETo,4,900,norm,-911.4418,1826.8836,1836.4884,0.0000,False,
Correntina,ETo,5,930,norm,-673.8388,1351.6776,1361.3480,0.0000,False,
Correntina,ETo,6,900,norm,-378.8153,761.6306,771.2354,0.0002,False,
Correntina,ETo,7,930,norm,-503.0559,1010.1118,1019.7822,0.0285,False,
Correntina,ETo,8,930,norm,-701.3917,1406.7833,1416.4537,0.1635,True,
Correntina,ETo,9,900,norm,-1023.1433,2050.2866,2059.8914,0.0000,False,
Correntina,ETo,10,930,norm,-1444.7425,2893.4850,2903.1554,0.0000,False,
Correntina,ETo,11,900,norm,-1555.4964,3114.9927,3124.5975,0.0013,False,
Correntina,ETo,12,930,norm,-1483.8244,2971.6487,2981.3191,0.0000,False,
Correntina,Tmax,1,930,skewnorm,-2201.6880,4409.3760,4423.8816,0.1377,True,Delta_AIC < 2 vs norm (parsimony preserved)
Correntina,Tmax,2,848,skewnorm,-1944.0691,3894.1382,3908.3669,0.0852,True,
Correntina,Tmax,3,930,skewnorm,-2132.4793,4270.9586,4285.4641,0.2292,True,
Correntina,Tmax,4,900,skewnorm,-1954.7465,3915.4929,3929.9001,0.2691,True,
Correntina,Tmax,5,930,skewnorm,-1990.6213,3987.2425,4001.7481,0.3485,True,
Correntina,Tmax,6,900,skewnorm,-1774.1815,3554.3631,3568.7703,0.3831,True,Delta_AIC < 2 vs norm (parsimony preserved)
Correntina,Tmax,7,930,norm,-1844.9936,3693.9872,3703.6576,0.1480,True,Delta_AIC < 2 vs skewnorm (parsimony preserved)
Correntina,Tmax,8,930,norm,-1991.8739,3987.7478,3997.4181,0.2951,True,Delta_AIC < 2 vs skewnorm (parsimony preserved)
Correntina,Tmax,9,900,skewnorm,-2093.8022,4193.6044,4208.0116,0.0370,False,
Correntina,Tmax,10,930,skewnorm,-2261.2294,4528.4589,4542.9644,0.0344,False,
Correntina,Tmax,11,900,skewnorm,-2390.4941,4786.9881,4801.3953,0.6688,True,
Correntina,Tmax,12,930,skewnorm,-2302.7694,4611.5388,4626.0444,0.1168,True,
Correntina,Tmin,1,930,skewnorm,-1692.6181,3391.2363,3405.7418,0.3765,True,
Correntina,Tmin,2,848,skewnorm,-1430.6773,2867.3546,2881.5833,0.1067,True,
Correntina,Tmin,3,930,skewnorm,-1658.1693,3322.3387,3336.8442,0.0139,False,
Correntina,Tmin,4,900,skewnorm,-1777.4614,3560.9229,3575.3301,0.0340,False,
Correntina,Tmin,5,930,norm,-2129.0075,4262.0150,4271.6854,0.1908,True,Delta_AIC < 2 vs skewnorm (parsimony preserved)
Correntina,Tmin,6,900,skewnorm,-2072.9853,4151.9706,4166.3777,0.3166,True,Delta_AIC < 2 vs norm (parsimony preserved)
Correntina,Tmin,7,930,skewnorm,-2159.0383,4324.0765,4338.5821,0.1652,True,
Correntina,Tmin,8,930,skewnorm,-2191.7280,4389.4561,4403.9616,0.1896,True,
Correntina,Tmin,9,900,skewnorm,-2221.5328,4449.0657,4463.4729,0.1059,True,Delta_AIC < 2 vs norm (parsimony preserved)
Correntina,Tmin,10,930,skewnorm,-2016.7416,4039.4832,4053.9887,0.0145,False,
Correntina,Tmin,11,900,skewnorm,-1656.3293,3318.6587,3333.0659,0.0615,True,
Correntina,Tmin,12,930,skewnorm,-1735.0720,3476.1441,3490.6496,0.0313,False,
Correntina,RH,1,930,beta_rescaled,191.5669,-379.1339,-369.4635,0.0140,False,
Correntina,RH,2,848,beta_rescaled,165.0643,-326.1285,-316.6427,0.4244,True,
Correntina,RH,3,930,beta_rescaled,107.1457,-210.2913,-200.6209,0.6989,True,
Correntina,RH,4,900,beta_rescaled,204.9927,-405.9854,-396.3806,0.2966,True,
Correntina,RH,5,930,beta_rescaled,274.6960,-545.3921,-535.7217,0.0009,False,
Correntina,RH,6,900,beta_rescaled,457.4953,-910.9905,-901.3857,0.0005,False,
Correntina,RH,7,930,beta_rescaled,422.1347,-840.2694,-830.5991,0.0197,False,
Correntina,RH,8,930,beta_rescaled,548.2376,-1092.4752,-1082.8048,0.0015,False,
Correntina,RH,9,900,beta_rescaled,461.3196,-918.6391,-909.0343,0.0000,False,
Correntina,RH,10,930,beta_rescaled,187.9332,-371.8663,-362.1959,0.0000,False,
Correntina,RH,11,900,beta_rescaled,145.0142,-286.0283,-276.4236,0.0073,False,
Correntina,RH,12,930,beta_rescaled,169.5531,-335.1061,-325.4358,0.3904,True,
Correntina,Rs,1,930,norm,-2893.6507,5791.3014,5800.9718,0.0000,False,
Correntina,Rs,2,848,norm,-2568.8572,5141.7144,5151.2001,0.0000,False,
Correntina,Rs,3,930,norm,-2702.6716,5409.3432,5419.0136,0.0000,False,
Correntina,Rs,4,900,norm,-2357.3913,4718.7825,4728.3873,0.0000,False,
Correntina,Rs,5,930,norm,-2219.6641,4443.3283,4452.9986,0.0000,False,
Correntina,Rs,6,900,norm,-1825.4474,3654.8948,3664.4996,0.0000,False,
Correntina,Rs,7,930,norm,-1864.9974,3733.9948,3743.6651,0.0000,False,
Correntina,Rs,8,930,norm,-1951.9513,3907.9026,3917.5730,0.0000,False,
Correntina,Rs,9,900,norm,-2305.9028,4615.8055,4625.4103,0.0000,False,
Correntina,Rs,10,930,norm,-2767.7827,5539.5654,5549.2358,0.0000,False,
Correntina,Rs,11,900,norm,-2862.5594,5729.1189,5738.7237,0.0000,False,
Correntina,Rs,12,930,norm,-2957.4664,5918.9329,5928.6032,0.0000,False,
Correntina,u2,1,930,gamma,-113.0278,230.0556,239.7259,0.0001,False,Delta_AIC < 2 vs lognorm (parsimony preserved)
Correntina,u2,2,848,gamma,-57.5655,119.1310,128.6168,0.0007,False,
Correntina,u2,3,930,gamma,-94.0339,192.0679,201.7382,0.0002,False,
Correntina,u2,4,900,lognorm,-243.9641,491.9281,501.5329,0.0001,False,
Correntina,u2,5,930,lognorm,-341.4098,686.8196,696.4899,0.0011,False,
Correntina,u2,6,900,lognorm,-470.1749,944.3497,953.9545,0.0247,False,
Correntina,u2,7,930,gamma,-605.5326,1215.0652,1224.7356,0.0033,False,Delta_AIC < 2 vs lognorm (parsimony preserved)
Correntina,u2,8,930,lognorm,-582.5101,1169.0202,1178.6906,0.0307,False,
Correntina,u2,9,900,lognorm,-516.3447,1036.6893,1046.2941,0.0098,False,
Correntina,u2,10,930,gamma,-425.7321,855.4642,865.1346,0.0190,False,
Correntina,u2,11,900,lognorm,-276.6823,557.3646,566.9694,0.0051,False,
Correntina,u2,12,930,gamma,-122.9195,249.8390,259.5094,0.0007,False,
Formosa_do_Rio_Preto,pr,1,481,lognorm_wet,-1566.3722,3136.7444,3145.0961,0.2529,True,
Formosa_do_Rio_Preto,pr,2,466,lognorm_wet,-1492.3790,2988.7580,2997.0463,0.1891,True,
Formosa_do_Rio_Preto,pr,3,504,lognorm_wet,-1571.7283,3147.4566,3155.9017,0.3455,True,
Formosa_do_Rio_Preto,pr,4,288,lognorm_wet,-809.4602,1622.9205,1630.2464,0.0048,False,
Formosa_do_Rio_Preto,pr,5,99,lognorm_wet,-257.2551,518.5102,523.7005,0.6344,True,
Formosa_do_Rio_Preto,pr,6,0,FAILED,,,,,False,no valid candidates
Formosa_do_Rio_Preto,pr,7,0,FAILED,,,,,False,no valid candidates
Formosa_do_Rio_Preto,pr,8,0,FAILED,,,,,False,no valid candidates
Formosa_do_Rio_Preto,pr,9,60,lognorm_wet,-137.3045,278.6091,282.7978,0.6950,True,
Formosa_do_Rio_Preto,pr,10,236,lognorm_wet,-689.6024,1383.2049,1390.1326,0.4994,True,
Formosa_do_Rio_Preto,pr,11,468,lognorm_wet,-1542.3356,3088.6713,3096.9682,0.0988,True,
Formosa_do_Rio_Preto,pr,12,508,lognorm_wet,-1672.1167,3348.2333,3356.6943,0.0196,False,
Formosa_do_Rio_Preto,ETo,1,930,norm,-1366.4764,2736.9527,2746.6231,0.0014,False,
Formosa_do_Rio_Preto,ETo,2,848,norm,-1209.7322,2423.4645,2432.9502,0.0018,False,
Formosa_do_Rio_Preto,ETo,3,930,norm,-1196.1559,2396.3119,2405.9823,0.0045,False,
Formosa_do_Rio_Preto,ETo,4,900,norm,-950.7363,1905.4726,1915.0774,0.0000,False,
Formosa_do_Rio_Preto,ETo,5,930,norm,-813.5387,1631.0773,1640.7477,0.0001,False,
Formosa_do_Rio_Preto,ETo,6,900,norm,-465.2725,934.5450,944.1498,0.1229,True,
Formosa_do_Rio_Preto,ETo,7,930,gamma,-632.1731,1268.3463,1278.0167,0.4055,True,
Formosa_do_Rio_Preto,ETo,8,930,norm,-726.5228,1457.0456,1466.7160,0.1536,True,
Formosa_do_Rio_Preto,ETo,9,900,norm,-1070.8058,2145.6117,2155.2165,0.0000,False,
Formosa_do_Rio_Preto,ETo,10,930,norm,-1507.3508,3018.7016,3028.3719,0.0000,False,
Formosa_do_Rio_Preto,ETo,11,900,norm,-1549.5829,3103.1659,3112.7707,0.0004,False,
Formosa_do_Rio_Preto,ETo,12,930,norm,-1456.1332,2916.2663,2925.9367,0.0000,False,
Formosa_do_Rio_Preto,Tmax,1,930,skewnorm,-2148.1546,4302.3092,4316.8147,0.9239,True,
Formosa_do_Rio_Preto,Tmax,2,848,skewnorm,-1881.0431,3768.0861,3782.3148,0.8619,True,
Formosa_do_Rio_Preto,Tmax,3,930,skewnorm,-1985.1233,3976.2466,3990.7521,0.2717,True,
Formosa_do_Rio_Preto,Tmax,4,900,norm,-1851.4918,3706.9836,3716.5883,0.0674,True,Delta_AIC < 2 vs skewnorm (parsimony preserved)
Formosa_do_Rio_Preto,Tmax,5,930,skewnorm,-1889.4589,3784.9178,3799.4234,0.9986,True,
Formosa_do_Rio_Preto,Tmax,6,900,skewnorm,-1644.1174,3294.2348,3308.6420,0.9537,True,
Formosa_do_Rio_Preto,Tmax,7,930,skewnorm,-1674.1034,3354.2068,3368.7123,0.8654,True,
Formosa_do_Rio_Preto,Tmax,8,930,norm,-1861.5813,3727.1626,3736.8329,0.3147,True,Delta_AIC < 2 vs skewnorm (parsimony preserved)
Formosa_do_Rio_Preto,Tmax,9,900,skewnorm,-1848.2751,3702.5502,3716.9574,0.4243,True,
Formosa_do_Rio_Preto,Tmax,10,930,skewnorm,-2117.8419,4241.6838,4256.1894,0.0023,False,
Formosa_do_Rio_Preto,Tmax,11,900,skewnorm,-2303.2683,4612.5367,4626.9439,0.4172,True,
Formosa_do_Rio_Preto,Tmax,12,930,skewnorm,-2241.8169,4489.6338,4504.1393,0.9910,True,
Formosa_do_Rio_Preto,Tmin,1,930,skewnorm,-1452.4379,2910.8758,2925.3814,0.1971,True,
Formosa_do_Rio_Preto,Tmin,2,848,skewnorm,-1271.7433,2549.4865,2563.7151,0.5754,True,
Formosa_do_Rio_Preto,Tmin,3,930,skewnorm,-1369.9010,2745.8019,2760.3075,0.9327,True,
Formosa_do_Rio_Preto,Tmin,4,900,skewnorm,-1496.6618,2999.3237,3013.7309,0.8043,True,
Formosa_do_Rio_Preto,Tmin,5,930,skewnorm,-1902.9669,3811.9338,3826.4394,0.4605,True,
Formosa_do_Rio_Preto,Tmin,6,900,norm,-1931.1908,3866.3816,3875.9864,0.8579,True,Delta_AIC < 2 vs skewnorm (parsimony preserved)
Formosa_do_Rio_Preto,Tmin,7,930,skewnorm,-1999.9748,4005.9497,4020.4552,0.9791,True,
Formosa_do_Rio_Preto,Tmin,8,930,skewnorm,-2048.8882,4103.7764,4118.2820,0.7288,True,
Formosa_do_Rio_Preto,Tmin,9,900,norm,-2065.1089,4134.2178,4143.8226,0.3000,True,Delta_AIC < 2 vs skewnorm (parsimony preserved)
Formosa_do_Rio_Preto,Tmin,10,930,skewnorm,-1836.8983,3679.7967,3694.3022,0.4699,True,
Formosa_do_Rio_Preto,Tmin,11,900,skewnorm,-1628.9667,3263.9335,3278.3407,0.0224,False,
Formosa_do_Rio_Preto,Tmin,12,930,skewnorm,-1399.8662,2805.7323,2820.2379,0.1607,True,
Formosa_do_Rio_Preto,RH,1,930,beta_rescaled,297.1809,-590.3619,-580.6915,0.6997,True,
Formosa_do_Rio_Preto,RH,2,848,beta_rescaled,175.0433,-346.0866,-336.6009,0.1039,True,
Formosa_do_Rio_Preto,RH,3,930,beta_rescaled,221.8360,-439.6719,-430.0016,0.0175,False,
Formosa_do_Rio_Preto,RH,4,900,beta_rescaled,279.6208,-555.2416,-545.6368,0.1001,True,
Formosa_do_Rio_Preto,RH,5,930,beta_rescaled,311.9910,-619.9821,-610.3117,0.0070,False,
Formosa_do_Rio_Preto,RH,6,900,beta_rescaled,534.5919,-1065.1838,-1055.5790,0.0028,False,
Formosa_do_Rio_Preto,RH,7,930,beta_rescaled,400.6651,-797.3302,-787.6599,0.0184,False,
Formosa_do_Rio_Preto,RH,8,930,beta_rescaled,455.6512,-907.3024,-897.6321,0.0379,False,
Formosa_do_Rio_Preto,RH,9,900,beta_rescaled,594.5654,-1185.1308,-1175.5260,0.0000,False,
Formosa_do_Rio_Preto,RH,10,930,beta_rescaled,143.6681,-283.3361,-273.6658,0.0000,False,
Formosa_do_Rio_Preto,RH,11,900,beta_rescaled,136.0908,-268.1816,-258.5768,0.6004,True,
Formosa_do_Rio_Preto,RH,12,930,beta_rescaled,195.3593,-386.7186,-377.0483,0.2471,True,
Formosa_do_Rio_Preto,Rs,1,930,norm,-2804.8670,5613.7341,5623.4045,0.0006,False,
Formosa_do_Rio_Preto,Rs,2,848,norm,-2539.2862,5082.5723,5092.0581,0.0000,False,
Formosa_do_Rio_Preto,Rs,3,930,norm,-2646.4549,5296.9099,5306.5802,0.0019,False,
Formosa_do_Rio_Preto,Rs,4,900,norm,-2375.7819,4755.5637,4765.1685,0.0000,False,
Formosa_do_Rio_Preto,Rs,5,930,norm,-2261.8868,4527.7737,4537.4440,0.0000,False,
Formosa_do_Rio_Preto,Rs,6,900,norm,-1734.9709,3473.9419,3483.5467,0.0000,False,
Formosa_do_Rio_Preto,Rs,7,930,norm,-1681.0175,3366.0349,3375.7053,0.0000,False,
Formosa_do_Rio_Preto,Rs,8,930,norm,-1829.4688,3662.9377,3672.6080,0.0000,False,
Formosa_do_Rio_Preto,Rs,9,900,norm,-2251.4291,4506.8582,4516.4630,0.0000,False,
Formosa_do_Rio_Preto,Rs,10,930,norm,-2678.9496,5361.8991,5371.5695,0.0000,False,
Formosa_do_Rio_Preto,Rs,11,900,norm,-2786.2330,5576.4660,5586.0708,0.0000,False,
Formosa_do_Rio_Preto,Rs,12,930,norm,-2847.2518,5698.5035,5708.1739,0.0002,False,
Formosa_do_Rio_Preto,u2,1,930,gamma,-106.2469,216.4938,226.1642,0.0092,False,
Formosa_do_Rio_Preto,u2,2,848,gamma,-112.6192,229.2385,238.7242,0.0205,False,
Formosa_do_Rio_Preto,u2,3,930,gamma,-65.4140,134.8280,144.4984,0.0001,False,
Formosa_do_Rio_Preto,u2,4,900,lognorm,-226.2100,456.4200,466.0247,0.0000,False,
Formosa_do_Rio_Preto,u2,5,930,gamma,-431.0974,866.1948,875.8652,0.0209,False,
Formosa_do_Rio_Preto,u2,6,900,gamma,-460.9873,925.9746,935.5794,0.1892,True,
Formosa_do_Rio_Preto,u2,7,930,gamma,-622.0244,1248.0488,1257.7192,0.1295,True,
Formosa_do_Rio_Preto,u2,8,930,gamma,-543.5457,1091.0914,1100.7618,0.0440,False,
Formosa_do_Rio_Preto,u2,9,900,gamma,-527.7422,1059.4844,1069.0892,0.1670,True,
Formosa_do_Rio_Preto,u2,10,930,lognorm,-547.2027,1098.4055,1108.0758,0.2461,True,
Formosa_do_Rio_Preto,u2,11,900,gamma,-331.3112,666.6224,676.2272,0.0262,False,
Formosa_do_Rio_Preto,u2,12,930,gamma,-242.8523,489.7046,499.3750,0.0026,False,
Luis_Eduardo_Magalhaes,pr,1,515,lognorm_wet,-1691.3128,3386.6257,3395.1140,0.1430,True,
Luis_Eduardo_Magalhaes,pr,2,486,lognorm_wet,-1513.1887,3030.3775,3038.7499,0.6105,True,
Luis_Eduardo_Magalhaes,pr,3,511,lognorm_wet,-1636.6508,3277.3016,3285.7744,0.3327,True,
Luis_Eduardo_Magalhaes,pr,4,303,lognorm_wet,-869.8721,1743.7442,1751.1717,0.5976,True,
Luis_Eduardo_Magalhaes,pr,5,102,lognorm_wet,-279.5493,563.0987,568.3486,0.2904,True,
Luis_Eduardo_Magalhaes,pr,6,16,lognorm_wet,-38.5806,81.1613,82.7065,0.9037,True,
Luis_Eduardo_Magalhaes,pr,7,0,FAILED,,,,,False,no valid candidates
Luis_Eduardo_Magalhaes,pr,8,11,lognorm_wet,-16.6667,37.3334,38.1292,0.3374,True,
Luis_Eduardo_Magalhaes,pr,9,60,lognorm_wet,-160.0387,324.0775,328.2662,0.5539,True,
Luis_Eduardo_Magalhaes,pr,10,274,lognorm_wet,-830.3452,1664.6904,1671.9166,0.1029,True,
Luis_Eduardo_Magalhaes,pr,11,503,lognorm_wet,-1684.7788,3373.5577,3381.9988,0.1284,True,
Luis_Eduardo_Magalhaes,pr,12,535,lognorm_wet,-1761.6116,3527.2232,3535.7877,0.2852,True,
Luis_Eduardo_Magalhaes,ETo,1,930,norm,-1331.7794,2667.5587,2677.2291,0.0000,False,
Luis_Eduardo_Magalhaes,ETo,2,848,norm,-1177.2362,2358.4723,2367.9581,0.0036,False,
Luis_Eduardo_Magalhaes,ETo,3,930,norm,-1163.7546,2331.5093,2341.1796,0.0019,False,
Luis_Eduardo_Magalhaes,ETo,4,900,norm,-942.8311,1889.6621,1899.2669,0.0000,False,
Luis_Eduardo_Magalhaes,ETo,5,930,norm,-739.2002,1482.4003,1492.0707,0.0000,False,
Luis_Eduardo_Magalhaes,ETo,6,900,norm,-408.0480,820.0960,829.7008,0.0282,False,
Luis_Eduardo_Magalhaes,ETo,7,930,norm,-561.8045,1127.6090,1137.2794,0.0139,False,
Luis_Eduardo_Magalhaes,ETo,8,930,norm,-751.6510,1507.3020,1516.9724,0.4384,True,
Luis_Eduardo_Magalhaes,ETo,9,900,norm,-1130.0521,2264.1041,2273.7089,0.0000,False,
Luis_Eduardo_Magalhaes,ETo,10,930,norm,-1477.7624,2959.5248,2969.1952,0.0000,False,
Luis_Eduardo_Magalhaes,ETo,11,900,norm,-1472.7814,2949.5629,2959.1676,0.0022,False,
Luis_Eduardo_Magalhaes,ETo,12,930,norm,-1413.3686,2830.7372,2840.4076,0.0003,False,
Luis_Eduardo_Magalhaes,Tmax,1,930,skewnorm,-2079.5578,4165.1155,4179.6211,0.6772,True,
Luis_Eduardo_Magalhaes,Tmax,2,848,skewnorm,-1825.9581,3657.9162,3672.1448,0.8740,True,
Luis_Eduardo_Magalhaes,Tmax,3,930,skewnorm,-1944.3345,3894.6690,3909.1746,0.9280,True,
Luis_Eduardo_Magalhaes,Tmax,4,900,skewnorm,-1812.2661,3630.5322,3644.9393,0.1149,True,
Luis_Eduardo_Magalhaes,Tmax,5,930,skewnorm,-1778.5195,3563.0390,3577.5446,0.8061,True,
Luis_Eduardo_Magalhaes,Tmax,6,900,skewnorm,-1580.1644,3166.3287,3180.7359,0.5553,True,Delta_AIC < 2 vs norm (parsimony preserved)
Luis_Eduardo_Magalhaes,Tmax,7,930,skewnorm,-1721.9376,3449.8752,3464.3807,0.4329,True,Delta_AIC < 2 vs norm (parsimony preserved)
Luis_Eduardo_Magalhaes,Tmax,8,930,norm,-1858.8726,3721.7451,3731.4155,0.2192,True,Delta_AIC < 2 vs skewnorm (parsimony preserved)
Luis_Eduardo_Magalhaes,Tmax,9,900,skewnorm,-1894.4315,3794.8629,3809.2701,0.2280,True,
Luis_Eduardo_Magalhaes,Tmax,10,930,skewnorm,-2142.1239,4290.2477,4304.7533,0.0102,False,
Luis_Eduardo_Magalhaes,Tmax,11,900,skewnorm,-2263.0988,4532.1976,4546.6048,0.2091,True,
Luis_Eduardo_Magalhaes,Tmax,12,930,skewnorm,-2213.6258,4433.2517,4447.7572,0.4110,True,
Luis_Eduardo_Magalhaes,Tmin,1,930,skewnorm,-1284.2228,2574.4455,2588.9511,0.4216,True,
Luis_Eduardo_Magalhaes,Tmin,2,848,skewnorm,-1103.6095,2213.2191,2227.4477,0.1773,True,
Luis_Eduardo_Magalhaes,Tmin,3,930,skewnorm,-1195.5264,2397.0528,2411.5584,0.8146,True,
Luis_Eduardo_Magalhaes,Tmin,4,900,skewnorm,-1406.7731,2819.5462,2833.9534,0.0618,True,
Luis_Eduardo_Magalhaes,Tmin,5,930,skewnorm,-1854.4875,3714.9749,3729.4805,0.6830,True,
Luis_Eduardo_Magalhaes,Tmin,6,900,skewnorm,-1836.1137,3678.2274,3692.6346,0.9985,True,
Luis_Eduardo_Magalhaes,Tmin,7,930,norm,-1917.5219,3839.0438,3848.7142,0.5057,True,Delta_AIC < 2 vs skewnorm (parsimony preserved)
Luis_Eduardo_Magalhaes,Tmin,8,930,norm,-1996.8720,3997.7439,4007.4143,0.8761,True,Delta_AIC < 2 vs skewnorm (parsimony preserved)
Luis_Eduardo_Magalhaes,Tmin,9,900,skewnorm,-2021.3928,4048.7857,4063.1929,0.4220,True,
Luis_Eduardo_Magalhaes,Tmin,10,930,skewnorm,-1609.9903,3225.9806,3240.4862,0.4560,True,
Luis_Eduardo_Magalhaes,Tmin,11,900,skewnorm,-1311.7090,2629.4181,2643.8253,0.0861,True,Delta_AIC < 2 vs norm (parsimony preserved)
Luis_Eduardo_Magalhaes,Tmin,12,930,skewnorm,-1239.3042,2484.6084,2499.1140,0.2483,True,
Luis_Eduardo_Magalhaes,RH,1,930,beta_rescaled,302.3642,-600.7284,-591.0580,0.6521,True,
Luis_Eduardo_Magalhaes,RH,2,848,beta_rescaled,208.9747,-413.9494,-404.4636,0.0010,False,
Luis_Eduardo_Magalhaes,RH,3,930,beta_rescaled,110.3742,-216.7483,-207.0780,0.0002,False,
Luis_Eduardo_Magalhaes,RH,4,900,beta_rescaled,219.7739,-435.5478,-425.9430,0.1727,True,
Luis_Eduardo_Magalhaes,RH,5,930,beta_rescaled,249.1493,-494.2987,-484.6283,0.0001,False,
Luis_Eduardo_Magalhaes,RH,6,900,beta_rescaled,535.1331,-1066.2662,-1056.6614,0.0047,False,
Luis_Eduardo_Magalhaes,RH,7,930,beta_rescaled,426.0715,-848.1431,-838.4727,0.2547,True,
Luis_Eduardo_Magalhaes,RH,8,930,beta_rescaled,497.6639,-991.3278,-981.6574,0.0001,False,
Luis_Eduardo_Magalhaes,RH,9,900,beta_rescaled,452.0412,-900.0823,-890.4775,0.0000,False,
Luis_Eduardo_Magalhaes,RH,10,930,beta_rescaled,127.5984,-251.1968,-241.5264,0.0002,False,
Luis_Eduardo_Magalhaes,RH,11,900,beta_rescaled,158.0003,-312.0006,-302.3958,0.0020,False,
Luis_Eduardo_Magalhaes,RH,12,930,beta_rescaled,185.7912,-367.5824,-357.9120,0.0043,False,
Luis_Eduardo_Magalhaes,Rs,1,930,norm,-2818.6191,5641.2383,5650.9087,0.0005,False,
Luis_Eduardo_Magalhaes,Rs,2,848,norm,-2536.6872,5077.3744,5086.8602,0.0014,False,
Luis_Eduardo_Magalhaes,Rs,3,930,norm,-2649.8212,5303.6423,5313.3127,0.0005,False,
Luis_Eduardo_Magalhaes,Rs,4,900,norm,-2378.8742,4761.7484,4771.3531,0.0000,False,
Luis_Eduardo_Magalhaes,Rs,5,930,norm,-2224.4944,4452.9888,4462.6592,0.0000,False,
Luis_Eduardo_Magalhaes,Rs,6,900,norm,-1739.1803,3482.3606,3491.9654,0.0000,False,
Luis_Eduardo_Magalhaes,Rs,7,930,norm,-1690.2191,3384.4382,3394.1086,0.0000,False,
Luis_Eduardo_Magalhaes,Rs,8,930,norm,-1893.6098,3791.2197,3800.8900,0.0000,False,
Luis_Eduardo_Magalhaes,Rs,9,900,norm,-2321.8228,4647.6456,4657.2504,0.0000,False,
Luis_Eduardo_Magalhaes,Rs,10,930,norm,-2718.8311,5441.6622,5451.3326,0.0000,False,
Luis_Eduardo_Magalhaes,Rs,11,900,norm,-2775.4834,5554.9667,5564.5715,0.0016,False,
Luis_Eduardo_Magalhaes,Rs,12,930,norm,-2857.8705,5719.7410,5729.4113,0.0018,False,
Luis_Eduardo_Magalhaes,u2,1,930,weibull_min,-235.1939,474.3879,484.0582,0.0002,False,
Luis_Eduardo_Magalhaes,u2,2,848,weibull_min,-214.9264,433.8529,443.3387,0.0001,False,
Luis_Eduardo_Magalhaes,u2,3,0,FAILED,,,,,False,no valid candidates
Luis_Eduardo_Magalhaes,u2,4,900,gamma,-314.0888,632.1776,641.7824,0.0161,False,
Luis_Eduardo_Magalhaes,u2,5,930,gamma,-480.9188,965.8375,975.5079,0.1031,True,
Luis_Eduardo_Magalhaes,u2,6,900,gamma,-561.5015,1127.0031,1136.6078,0.0096,False,
Luis_Eduardo_Magalhaes,u2,7,930,weibull_min,-678.1043,1360.2085,1369.8789,0.0172,False,
Luis_Eduardo_Magalhaes,u2,8,930,gamma,-660.0703,1324.1405,1333.8109,0.0163,False,
Luis_Eduardo_Magalhaes,u2,9,900,gamma,-664.8842,1333.7685,1343.3733,0.0534,True,
Luis_Eduardo_Magalhaes,u2,10,930,gamma,-591.7627,1187.5254,1197.1958,0.1015,True,
Luis_Eduardo_Magalhaes,u2,11,900,gamma,-377.0403,758.0806,767.6853,0.0078,False,
Luis_Eduardo_Magalhaes,u2,12,930,gamma,-279.8508,563.7016,573.3720,0.0009,False,
Tasso_Fragoso,pr,1,700,lognorm_wet,-2261.8739,4527.7478,4536.8500,0.1461,True,
Tasso_Fragoso,pr,2,647,lognorm_wet,-2031.2556,4066.5113,4075.4560,0.2655,True,
Tasso_Fragoso,pr,3,706,lognorm_wet,-2172.1307,4348.2614,4357.3806,0.4968,True,
Tasso_Fragoso,pr,4,486,lognorm_wet,-1446.5431,2897.0862,2905.4587,0.4750,True,
Tasso_Fragoso,pr,5,236,lognorm_wet,-624.2832,1252.5664,1259.4941,0.2753,True,
Tasso_Fragoso,pr,6,32,lognorm_wet,-65.5188,135.0375,137.9690,0.8520,True,
Tasso_Fragoso,pr,7,11,lognorm_wet,-20.1153,44.2306,45.0264,0.8856,True,Delta_AIC < 2 vs gamma_wet (parsimony preserved)
Tasso_Fragoso,pr,8,11,lognorm_wet,-20.9217,45.8434,46.6392,0.9608,True,Delta_AIC < 2 vs gamma_wet (parsimony preserved)
Tasso_Fragoso,pr,9,104,lognorm_wet,-267.3223,538.6446,543.9333,0.5098,True,
Tasso_Fragoso,pr,10,305,lognorm_wet,-890.1231,1784.2461,1791.6868,0.0673,True,
Tasso_Fragoso,pr,11,517,lognorm_wet,-1579.7636,3163.5273,3172.0234,0.3491,True,
Tasso_Fragoso,pr,12,601,lognorm_wet,-1869.3089,3742.6179,3751.4151,0.3810,True,
Tasso_Fragoso,ETo,1,930,norm,-1281.3510,2566.7019,2576.3723,0.0581,True,
Tasso_Fragoso,ETo,2,848,norm,-1119.8705,2243.7410,2253.2267,0.0950,True,Delta_AIC < 2 vs gamma (parsimony preserved)
Tasso_Fragoso,ETo,3,930,norm,-1117.0089,2238.0177,2247.6881,0.0257,False,
Tasso_Fragoso,ETo,4,900,norm,-1025.5202,2055.0405,2064.6453,0.0000,False,
Tasso_Fragoso,ETo,5,930,norm,-850.6984,1705.3969,1715.0673,0.0000,False,
Tasso_Fragoso,ETo,6,900,norm,-376.2931,756.5862,766.1910,0.0090,False,
Tasso_Fragoso,ETo,7,930,norm,-506.8332,1017.6664,1027.3368,0.0324,False,
Tasso_Fragoso,ETo,8,930,norm,-678.4972,1360.9944,1370.6648,0.0455,False,
Tasso_Fragoso,ETo,9,900,norm,-1083.3213,2170.6425,2180.2473,0.0000,False,
Tasso_Fragoso,ETo,10,930,norm,-1446.1473,2896.2946,2905.9650,0.0008,False,
Tasso_Fragoso,ETo,11,900,norm,-1398.8258,2801.6516,2811.2564,0.0023,False,
Tasso_Fragoso,ETo,12,930,norm,-1354.6847,2713.3694,2723.0398,0.0112,False,
Tasso_Fragoso,Tmax,1,930,skewnorm,-1959.9308,3925.8617,3940.3672,0.9221,True,
Tasso_Fragoso,Tmax,2,848,skewnorm,-1758.3007,3522.6014,3536.8300,0.8760,True,
Tasso_Fragoso,Tmax,3,930,skewnorm,-1803.9045,3613.8089,3628.3145,0.6795,True,
Tasso_Fragoso,Tmax,4,900,skewnorm,-1710.2957,3426.5915,3440.9987,0.1591,True,
Tasso_Fragoso,Tmax,5,930,skewnorm,-1678.5221,3363.0442,3377.5497,0.9593,True,
Tasso_Fragoso,Tmax,6,900,skewnorm,-1283.0852,2572.1705,2586.5776,0.2131,True,
Tasso_Fragoso,Tmax,7,930,norm,-1420.6259,2845.2519,2854.9223,0.9050,True,Delta_AIC < 2 vs skewnorm (parsimony preserved)
Tasso_Fragoso,Tmax,8,930,norm,-1586.6840,3177.3680,3187.0384,0.6883,True,Delta_AIC < 2 vs skewnorm (parsimony preserved)
Tasso_Fragoso,Tmax,9,900,skewnorm,-1707.3543,3420.7086,3435.1158,0.0371,False,
Tasso_Fragoso,Tmax,10,930,skewnorm,-2149.1013,4304.2027,4318.7082,0.4244,True,
Tasso_Fragoso,Tmax,11,900,skewnorm,-2144.9258,4295.8516,4310.2588,0.4771,True,
Tasso_Fragoso,Tmax,12,930,skewnorm,-2093.9025,4193.8050,4208.3105,0.3728,True,
Tasso_Fragoso,Tmin,1,930,norm,-1117.0709,2238.1418,2247.8122,0.9484,True,Delta_AIC < 2 vs skewnorm (parsimony preserved)
Tasso_Fragoso,Tmin,2,848,skewnorm,-966.1581,1938.3162,1952.5449,0.7088,True,
Tasso_Fragoso,Tmin,3,930,norm,-1048.2199,2100.4398,2110.1102,0.5927,True,Delta_AIC < 2 vs skewnorm (parsimony preserved)
Tasso_Fragoso,Tmin,4,900,skewnorm,-1160.6211,2327.2423,2341.6495,0.3791,True,
Tasso_Fragoso,Tmin,5,930,skewnorm,-1525.4130,3056.8261,3071.3316,0.5100,True,
Tasso_Fragoso,Tmin,6,900,norm,-1732.3134,3468.6268,3478.2316,0.8481,True,Delta_AIC < 2 vs skewnorm (parsimony preserved)
Tasso_Fragoso,Tmin,7,930,skewnorm,-1746.8290,3499.6579,3514.1635,0.5264,True,
Tasso_Fragoso,Tmin,8,930,skewnorm,-1811.2238,3628.4475,3642.9531,0.4197,True,
Tasso_Fragoso,Tmin,9,900,skewnorm,-1743.0576,3492.1153,3506.5224,0.9037,True,
Tasso_Fragoso,Tmin,10,930,skewnorm,-1476.1818,2958.3637,2972.8692,0.6178,True,Delta_AIC < 2 vs norm (parsimony preserved)
Tasso_Fragoso,Tmin,11,900,norm,-1194.8574,2393.7149,2403.3197,0.2245,True,Delta_AIC < 2 vs skewnorm (parsimony preserved)
Tasso_Fragoso,Tmin,12,930,norm,-1075.6090,2155.2179,2164.8883,0.4812,True,Delta_AIC < 2 vs skewnorm (parsimony preserved)
Tasso_Fragoso,RH,1,930,beta_rescaled,186.0970,-368.1939,-358.5236,0.0047,False,
Tasso_Fragoso,RH,2,848,beta_rescaled,276.2107,-548.4214,-538.9356,0.0005,False,
Tasso_Fragoso,RH,3,930,beta_rescaled,338.2036,-672.4071,-662.7367,0.0002,False,
Tasso_Fragoso,RH,4,900,beta_rescaled,137.1753,-270.3506,-260.7459,0.1127,True,
Tasso_Fragoso,RH,5,930,beta_rescaled,223.0357,-442.0714,-432.4010,0.0000,False,
Tasso_Fragoso,RH,6,900,beta_rescaled,374.5115,-745.0230,-735.4182,0.0110,False,
Tasso_Fragoso,RH,7,930,beta_rescaled,542.2315,-1080.4630,-1070.7926,0.0324,False,
Tasso_Fragoso,RH,8,930,beta_rescaled,613.4607,-1222.9214,-1213.2511,0.0027,False,
Tasso_Fragoso,RH,9,900,beta_rescaled,408.6203,-813.2406,-803.6358,0.0011,False,
Tasso_Fragoso,RH,10,930,beta_rescaled,166.2663,-328.5327,-318.8623,0.0009,False,
Tasso_Fragoso,RH,11,900,beta_rescaled,224.7933,-445.5866,-435.9818,0.8544,True,
Tasso_Fragoso,RH,12,930,beta_rescaled,215.5558,-427.1117,-417.4413,0.4019,True,
Tasso_Fragoso,Rs,1,930,norm,-2757.3073,5518.6146,5528.2850,0.0514,True,
Tasso_Fragoso,Rs,2,848,norm,-2463.0004,4930.0008,4939.4865,0.0692,True,
Tasso_Fragoso,Rs,3,930,norm,-2599.6056,5203.2113,5212.8816,0.0616,True,
Tasso_Fragoso,Rs,4,900,norm,-2490.5139,4985.0277,4994.6325,0.0000,False,
Tasso_Fragoso,Rs,5,930,norm,-2361.1818,4726.3635,4736.0339,0.0000,False,
Tasso_Fragoso,Rs,6,900,norm,-1712.1299,3428.2599,3437.8647,0.0000,False,
Tasso_Fragoso,Rs,7,930,norm,-1543.1899,3090.3798,3100.0502,0.0000,False,
Tasso_Fragoso,Rs,8,930,norm,-1738.2578,3480.5156,3490.1859,0.0000,False,
Tasso_Fragoso,Rs,9,900,norm,-2294.8668,4593.7335,4603.3383,0.0000,False,
Tasso_Fragoso,Rs,10,930,norm,-2734.7318,5473.4636,5483.1339,0.0000,False,
Tasso_Fragoso,Rs,11,900,norm,-2742.9695,5489.9390,5499.5437,0.0033,False,
Tasso_Fragoso,Rs,12,930,norm,-2784.4095,5572.8190,5582.4894,0.0074,False,
Tasso_Fragoso,u2,1,930,gamma,141.2997,-278.5993,-268.9289,0.0004,False,
Tasso_Fragoso,u2,2,848,lognorm,164.2599,-324.5198,-315.0340,0.0021,False,
Tasso_Fragoso,u2,3,930,lognorm,243.5472,-483.0944,-473.4241,0.0000,False,
Tasso_Fragoso,u2,4,900,lognorm,195.6871,-387.3742,-377.7694,0.0000,False,
Tasso_Fragoso,u2,5,930,gamma,-68.9136,141.8272,151.4976,0.0102,False,
Tasso_Fragoso,u2,6,900,gamma,-299.4720,602.9440,612.5488,0.0046,False,
Tasso_Fragoso,u2,7,930,gamma,-369.7476,743.4951,753.1655,0.0202,False,
Tasso_Fragoso,u2,8,930,gamma,-402.1606,808.3211,817.9915,0.0035,False,
Tasso_Fragoso,u2,9,900,lognorm,-319.5298,643.0596,652.6644,0.0083,False,
Tasso_Fragoso,u2,10,930,lognorm,-203.5961,411.1922,420.8626,0.0013,False,
Tasso_Fragoso,u2,11,900,gamma,-4.6653,13.3307,22.9355,0.0006,False,
Tasso_Fragoso,u2,12,930,gamma,22.2261,-40.4522,-30.7818,0.0015,False,
Urucui,pr,1,543,lognorm_wet,-1746.9016,3497.8032,3506.3974,0.1091,True,
Urucui,pr,2,496,lognorm_wet,-1576.2418,3156.4836,3164.8968,0.1811,True,
Urucui,pr,3,562,lognorm_wet,-1747.2809,3498.5619,3507.2249,0.1664,True,
Urucui,pr,4,403,lognorm_wet,-1215.6358,2435.2716,2443.2695,0.0678,True,
Urucui,pr,5,186,lognorm_wet,-518.7228,1041.4455,1047.8970,0.2501,True,
Urucui,pr,6,26,lognorm_wet,-63.6186,131.2372,133.7534,0.3715,True,
Urucui,pr,7,12,lognorm_wet,-32.7077,69.4154,70.3853,0.6607,True,
Urucui,pr,8,0,FAILED,,,,,False,no valid candidates
Urucui,pr,9,50,lognorm_wet,-150.1392,304.2785,308.1025,0.3861,True,
Urucui,pr,10,210,lognorm_wet,-641.5169,1287.0338,1293.7280,0.4190,True,
Urucui,pr,11,380,lognorm_wet,-1208.6703,2421.3406,2429.2209,0.0889,True,
Urucui,pr,12,429,lognorm_wet,-1342.7772,2689.5543,2697.6772,0.1798,True,
Urucui,ETo,1,930,norm,-1240.8711,2485.7422,2495.4126,0.1390,True,
Urucui,ETo,2,848,norm,-1064.0622,2132.1243,2141.6101,0.2733,True,
Urucui,ETo,3,930,norm,-1051.3737,2106.7475,2116.4178,0.0029,False,
Urucui,ETo,4,900,norm,-980.5502,1965.1003,1974.7051,0.0000,False,
Urucui,ETo,5,930,norm,-858.8677,1721.7354,1731.4057,0.0000,False,
Urucui,ETo,6,900,norm,-567.8909,1139.7819,1149.3867,0.0073,False,
Urucui,ETo,7,930,norm,-709.9546,1423.9092,1433.5796,0.1659,True,
Urucui,ETo,8,930,norm,-769.1856,1542.3711,1552.0415,0.0332,False,
Urucui,ETo,9,900,norm,-1048.5332,2101.0663,2110.6711,0.0002,False,
Urucui,ETo,10,930,norm,-1408.3473,2820.6945,2830.3649,0.0002,False,
Urucui,ETo,11,900,norm,-1385.7118,2775.4235,2785.0283,0.0002,False,
Urucui,ETo,12,930,norm,-1338.1255,2680.2511,2689.9215,0.0275,False,
Urucui,Tmax,1,930,skewnorm,-2034.0666,4074.1332,4088.6388,0.9358,True,
Urucui,Tmax,2,848,skewnorm,-1742.6072,3491.2143,3505.4430,0.8023,True,Delta_AIC < 2 vs norm (parsimony preserved)
Urucui,Tmax,3,930,skewnorm,-1782.8020,3571.6040,3586.1096,0.3190,True,
Urucui,Tmax,4,900,skewnorm,-1734.3582,3474.7163,3489.1235,0.1615,True,
Urucui,Tmax,5,930,skewnorm,-1700.7613,3407.5227,3422.0282,0.6085,True,
Urucui,Tmax,6,900,skewnorm,-1451.1561,2908.3123,2922.7194,0.9882,True,
Urucui,Tmax,7,930,skewnorm,-1507.6653,3021.3306,3035.8362,0.8154,True,
Urucui,Tmax,8,930,norm,-1498.7247,3001.4494,3011.1197,0.9701,True,Delta_AIC < 2 vs skewnorm (parsimony preserved)
Urucui,Tmax,9,900,skewnorm,-1635.3925,3276.7850,3291.1921,0.0697,True,
Urucui,Tmax,10,930,skewnorm,-2059.5411,4125.0822,4139.5878,0.1297,True,
Urucui,Tmax,11,900,skewnorm,-2145.5688,4297.1377,4311.5449,0.7809,True,
Urucui,Tmax,12,930,skewnorm,-2159.1222,4324.2445,4338.7500,0.2754,True,
Urucui,Tmin,1,930,norm,-1269.6204,2543.2408,2552.9112,0.9989,True,Delta_AIC < 2 vs skewnorm (parsimony preserved)
Urucui,Tmin,2,848,norm,-1072.3862,2148.7724,2158.2582,0.2166,True,Delta_AIC < 2 vs skewnorm (parsimony preserved)
Urucui,Tmin,3,930,skewnorm,-1167.6012,2341.2024,2355.7080,0.0247,False,
Urucui,Tmin,4,900,norm,-1148.2380,2300.4760,2310.0808,0.6249,True,Delta_AIC < 2 vs skewnorm (parsimony preserved)
Urucui,Tmin,5,930,skewnorm,-1412.7435,2831.4870,2845.9926,0.6360,True,
Urucui,Tmin,6,900,skewnorm,-1636.8395,3279.6790,3294.0861,0.6513,True,
Urucui,Tmin,7,930,skewnorm,-1768.7631,3543.5263,3558.0318,0.9546,True,
Urucui,Tmin,8,930,skewnorm,-1764.5609,3535.1217,3549.6273,0.7660,True,
Urucui,Tmin,9,900,skewnorm,-1553.1518,3112.3035,3126.7107,0.6540,True,
Urucui,Tmin,10,930,norm,-1543.7984,3091.5969,3101.2672,0.2694,True,Delta_AIC < 2 vs skewnorm (parsimony preserved)
Urucui,Tmin,11,900,skewnorm,-1371.0134,2748.0267,2762.4339,0.8363,True,
Urucui,Tmin,12,930,skewnorm,-1363.4457,2732.8913,2747.3969,0.1935,True,
Urucui,RH,1,930,beta_rescaled,267.4926,-530.9852,-521.3148,0.0817,True,
Urucui,RH,2,848,beta_rescaled,259.8069,-515.6139,-506.1281,0.0026,False,
Urucui,RH,3,930,beta_rescaled,387.4231,-770.8461,-761.1758,0.0080,False,
Urucui,RH,4,900,beta_rescaled,241.0089,-478.0179,-468.4131,0.3452,True,
Urucui,RH,5,930,beta_rescaled,228.0836,-452.1672,-442.4968,0.0000,False,
Urucui,RH,6,900,beta_rescaled,263.0296,-522.0592,-512.4544,0.0111,False,
Urucui,RH,7,930,beta_rescaled,404.1947,-804.3893,-794.7189,0.0219,False,
Urucui,RH,8,930,beta_rescaled,524.3078,-1044.6156,-1034.9452,0.0001,False,
Urucui,RH,9,900,beta_rescaled,456.2896,-908.5793,-898.9745,0.0000,False,
Urucui,RH,10,930,beta_rescaled,227.4520,-450.9040,-441.2337,0.0002,False,
Urucui,RH,11,900,beta_rescaled,181.0821,-358.1642,-348.5594,0.2977,True,
Urucui,RH,12,930,beta_rescaled,247.7686,-491.5372,-481.8668,0.0437,False,
Urucui,Rs,1,930,norm,-2699.7198,5403.4395,5413.1099,0.1278,True,
Urucui,Rs,2,848,norm,-2415.2204,4834.4408,4843.9266,0.4791,True,
Urucui,Rs,3,930,norm,-2537.6106,5079.2211,5088.8915,0.0059,False,
Urucui,Rs,4,900,norm,-2424.9069,4853.8137,4863.4185,0.0000,False,
Urucui,Rs,5,930,norm,-2320.3712,4644.7424,4654.4128,0.0000,False,
Urucui,Rs,6,900,norm,-1843.6852,3691.3703,3700.9751,0.0000,False,
Urucui,Rs,7,930,norm,-1825.6345,3655.2689,3664.9393,0.0000,False,
Urucui,Rs,8,930,norm,-1752.4318,3508.8635,3518.5339,0.0000,False,
Urucui,Rs,9,900,norm,-2150.5323,4305.0646,4314.6694,0.0000,False,
Urucui,Rs,10,930,norm,-2627.9386,5259.8772,5269.5476,0.0000,False,
Urucui,Rs,11,900,norm,-2707.0011,5418.0022,5427.6070,0.0000,False,
Urucui,Rs,12,930,norm,-2735.0647,5474.1295,5483.7999,0.0060,False,
Urucui,u2,1,930,lognorm,116.4744,-228.9487,-219.2783,0.0009,False,
Urucui,u2,2,848,gamma,154.9922,-305.9843,-296.4986,0.0005,False,
Urucui,u2,3,930,lognorm,107.4471,-210.8942,-201.2238,0.0001,False,
Urucui,u2,4,900,gamma,99.2527,-194.5054,-184.9006,0.0007,False,
Urucui,u2,5,930,gamma,-191.0689,386.1379,395.8082,0.0002,False,
Urucui,u2,6,900,gamma,-368.4673,740.9347,750.5394,0.0135,False,
Urucui,u2,7,930,gamma,-439.2975,882.5950,892.2653,0.0023,False,
Urucui,u2,8,930,gamma,-484.0449,972.0898,981.7602,0.0646,True,
Urucui,u2,9,900,lognorm,-402.7586,809.5172,819.1220,0.0908,True,
Urucui,u2,10,930,lognorm,-244.8393,493.6786,503.3489,0.0012,False,
Urucui,u2,11,900,gamma,3.9454,-3.8908,5.7140,0.0002,False,Delta_AIC < 2 vs lognorm (parsimony preserved)
Urucui,u2,12,930,gamma,35.5974,-67.1948,-57.5245,0.0001,False,
